tree
version=v4
num_class=1
num_tree_per_iteration=1
label_index=0
max_feature_idx=14
objective=regression
feature_names=form_3gw form_5gw form_ewma points_last_gw minutes_3gw minutes_5gw ict_3gw ict_5gw is_home opp_goals_for_3m opp_goals_against_3m shrunk_points_vs_opp n_prior_meetings_vs_opp was_unused_last_gw value
feature_infos=[-2:17] [-2:15.800000000000001] [-2:16.873428113839047] [-5:26] [0:90] [0:90] [0:23] [0:19.82] [0:1] [0:5] [0:5.333333333333333] [-2:15] [0:7] [0:1] [36:154]
tree_sizes=2740 2906 2899 2921 2911 2907 2902 2906 2894 2900 2899 2907 2889 2889 2907 2906 2901 2864 2899 2892 2889 2913 2892 2918 2862 2863 2893 2889 2897 2915 2923 2898 2922 2915 2905 2904 2904 2877 2898 2895 2910 2928 2930 2893 2911 2877 2936 2919 2890 2865 2890 2914 2883 2904 2884 2880 2868 2884 2894 2864 2889 2912 2929 2890 2843 2897 2885 2866 2869 2897 2856 2868

Tree=0
num_leaves=31
num_cat=0
split_feature=13 2 14 4 6 14 1 14 4 4 14 14 4 4 14 3 14 2 6 2 6 4 14 14 14 11 4 14 11 10
split_gain=82712.7 12261.3 4915.45 2350.52 2166.77 1914.51 1152.63 930.835 789.407 723.044 509.349 451.205 440.992 375.004 375.086 362.123 321.98 291.111 253.566 247.719 213.115 204.754 192.61 183.762 178.454 177.807 275.799 438.672 180.091 165.436
threshold=1.0000000180025095e-35 1.796455514826431 59.500000000000007 10.41666666666667 0.033333333333333361 100.50000000000001 3.3666666666666667 62.500000000000007 81.416666666666671 81.833333333333357 49.500000000000007 50.500000000000007 49.166666666666679 66.166666666666671 53.500000000000007 1.5000000000000002 54.500000000000007 0.08968664360128796 4.2166666666666694 5.8981470417516997 2.7333333333333343 83.166666666666671 85.500000000000014 60.500000000000007 74.500000000000014 2.9447831978319789 89.833333333333357 109.50000000000001 4.9851441631504931 inf
decision_type=2 10 2 10 10 2 10 2 10 10 2 2 10 10 2 10 2 10 10 10 10 10 2 2 2 10 10 2 10 8
left_child=1 3 6 10 17 8 13 9 19 15 -1 -8 23 -3 -15 20 -14 29 -10 -4 -5 -13 -21 -6 -12 26 27 -7 -27 -2
right_child=4 2 5 7 12 25 11 -9 18 -11 24 21 16 14 -16 -17 -18 -19 -20 22 -22 -23 -24 -25 -26 28 -28 -29 -30 -31
leaf_value=1.1255280481079724 1.1066682945745991 1.1681790696473935 1.1999136342005736 1.1492529541112122 1.1213521809100313 1.2750507644074724 1.1883928587207719 1.1954359191511279 1.2025802634081526 1.1764219046009166 1.1464313623728102 1.1955451829780572 1.1351529158763494 1.1783075780478196 1.2000984118127971 1.1669698749306514 1.1730890270105885 1.1146650103105551 1.2368433305392461 1.222507586829048 1.1673517602849022 1.2151065160380106 1.3042174303787517 1.141150477446021 1.1950507652518716 1.2355217790600357 1.2591011520990922 1.4155507631955113 1.2950262540922366 1.1542174317334026
leaf_weight=2289 29916 2711 1738 4645 4757 36 3044 714 226 1878 1206 836 930 4171 857 1842 257 4893 1390 193 670 1136 30 463 72 69 43 45 136 66
leaf_count=2289 29916 2711 1738 4645 4757 36 3044 714 226 1878 1206 836 930 4171 857 1842 257 4893 1390 193 670 1136 30 463 72 69 43 45 136 66
internal_value=1.13837 1.1763 1.19345 1.15484 1.11083 1.2229 1.18443 1.16246 1.21653 1.15985 1.134 1.19563 1.12686 1.17717 1.18202 1.15551 1.14337 1.10788 1.23205 1.20373 1.15153 1.20681 1.2335 1.12311 1.14917 1.29215 1.32051 1.35311 1.275 1.10677
internal_weight=71259 29977 16661 13316 41282 3906 12755 9749 3577 9035 3567 5016 6407 7739 5028 7157 1187 34875 1616 1961 5315 1972 223 5220 1278 329 124 81 205 29982
internal_count=71259 29977 16661 13316 41282 3906 12755 9749 3577 9035 3567 5016 6407 7739 5028 7157 1187 34875 1616 1961 5315 1972 223 5220 1278 329 124 81 205 29982
is_linear=0
shrinkage=1


Tree=1
num_leaves=31
num_cat=0
split_feature=13 2 7 4 6 1 6 6 4 4 3 4 8 2 3 6 6 11 2 4 10 11 12 6 10 11 10 11 0 11
split_gain=77824.4 11536.7 4741.09 2214.65 2038.71 607.257 545.844 542.439 489.542 414.929 320.769 334.785 299.261 274.415 256.384 255.256 202.172 194.337 185.12 184.26 186.656 180.773 176.362 173.633 172.521 160.956 158.846 156.513 152.098 165.8
threshold=1.0000000180025095e-35 1.796455514826431 5.5100000000000016 13.16666666666667 0.033333333333333361 5.7750000000000012 2.3166666666666678 3.9000000000000008 87.833333333333357 49.166666666666679 1.5000000000000002 78.166666666666671 1.0000000180025095e-35 0.079688876907504022 1.5000000000000002 6.8166666666666673 2.7333333333333343 4.6267857142857149 2.8895374989749318 5.8333333333333348 5.166666666666667 3.0849914630943003 1.5000000000000002 4.9333333333333353 1.5833333333333337 0.5742561381606327 inf 1.5825131390348786 10.41666666666667 1.8001436781609199
decision_type=2 10 10 10 10 10 10 10 10 10 10 10 2 10 10 10 10 10 10 10 8 10 2 10 10 10 8 10 10 10
left_child=1 3 7 19 13 12 10 8 16 -6 11 -5 25 26 -9 -7 -3 -11 -14 20 -1 -10 -23 -8 -16 -4 -2 -21 29 -17
right_child=4 2 5 6 9 15 23 14 21 17 -12 -13 18 -15 24 28 -18 -19 -20 27 -22 22 -24 -25 -26 -27 -28 -29 -30 -31
leaf_value=-0.012110284922928826 -0.030806806972536849 0.029426923481703348 0.098048512319887954 0.011904186769956495 -0.014802442818194971 0.074094694685477483 0.032289030927909704 0.038049341659796863 0.044747750063047362 0.0027636364811881148 0.030453667552873962 0.036765921799607228 0.064667248945110126 -0.023306162549434181 0.050306264639397177 0.083369308580370505 0.041797527710709548 0.07553659642443937 0.091120555456449731 0.00047592675582594718 0.0073543476453050965 0.06709834785567774 0.035205465141103495 0.058864663084968925 0.063770174152910503 0.061860407871202124 0.016142707641308124 0.023650467694247865 0.14211500250598758 0.11254407958072775
leaf_weight=1926 29483 3079 121 4059 5220 260 2834 798 2592 1153 1607 554 312 5327 1741 255 1937 34 1005 1183 576 723 199 240 1686 1289 65 337 103 561
leaf_count=1926 29483 3079 121 4059 5220 260 2834 798 2592 1153 1607 554 312 5327 1741 255 1937 34 1005 1183 576 723 199 240 1686 1289 65 337 103 561
internal_value=-7.27182e-10 0.0367913 0.0534294 0.0159737 -0.0267161 0.0823485 0.0240221 0.0445735 0.0402194 -0.0111619 0.018911 0.01489 0.0745707 -0.0295736 0.053364 0.100338 0.034204 0.00484812 0.0848537 -0.00262434 -0.00762922 0.048806 0.0602147 0.0343639 0.0569302 0.0649659 -0.0307035 0.00561397 0.107763 0.103427
internal_weight=71259 29977 16661 13316 41282 3906 9294 12755 8530 6407 6220 4613 2727 34875 4225 1179 5016 1187 1317 4022 2502 3514 922 3074 3427 1410 29548 1520 919 816
internal_count=71259 29977 16661 13316 41282 3906 9294 12755 8530 6407 6220 4613 2727 34875 4225 1179 5016 1187 1317 4022 2502 3514 922 3074 3427 1410 29548 1520 919 816
is_linear=0
shrinkage=0.03


Tree=2
num_leaves=31
num_cat=0
split_feature=13 2 6 4 6 6 1 4 4 4 3 8 1 6 2 0 11 6 11 11 3 10 11 11 8 10 10 4 5 6
split_gain=73225 10854.8 3687.75 2087.79 1918.22 1166.81 432.65 391.916 390.407 374.223 348.297 333.433 406.39 321.752 258.479 247.666 231.777 213.274 203.712 182.852 174.673 169.035 168.785 168.407 146.581 146.435 140.938 138.182 136.382 128.64
threshold=1.0000000180025095e-35 1.796455514826431 4.8166666666666691 22.833333333333339 0.033333333333333361 8.516666666666671 3.3666666666666667 81.833333333333357 49.166666666666679 6.166666666666667 1.5000000000000002 1.0000000180025095e-35 3.9000000000000004 3.0666666666666678 0.08968664360128796 10.41666666666667 1.5825131390348786 2.7666666666666675 0.41190087145969506 4.6267857142857149 1.5000000000000002 5.166666666666667 2.9447831978319789 4.0244680851063839 1.0000000180025095e-35 inf 0.83333333333333337 26.166666666666668 44.100000000000009 5.8333333333333348
decision_type=2 10 10 10 10 10 10 10 10 10 10 2 10 10 10 10 10 10 10 10 10 8 10 10 2 8 8 10 10 10
left_child=1 3 6 9 14 11 13 10 -6 21 17 -4 28 22 25 18 -11 -5 -7 -10 -8 -1 27 -14 -17 -2 -9 -3 -13 -28
right_child=4 2 5 7 8 15 20 26 19 16 -12 12 23 -15 -16 24 -18 -19 -20 -21 -22 -23 -24 -25 -26 -27 29 -29 -30 -31
leaf_value=-0.011308285719552238 -0.029828238153476766 0.012120258229849645 0.055940519104628238 0.013188423703881827 -0.014358369225743173 0.15045122847820705 0.037932382082490591 0.020414711424225088 0.0026807271874633334 0.0036967315497195541 0.031856330898687446 0.03147615696187131 0.080975601855402826 0.045377119238931556 -0.022293188525198206 0.10365429021418093 0.02368971816293616 0.03092078443044655 0.089766564505083926 0.073270497190601677 0.054032708007099473 0.0071337180522580944 0.046906832565724012 0.11322312031189601 0.17635478874811758 0.014907128431580282 0.039578222177094884 0.032023149992095205 0.064274341802615195 0.092805588309253964
leaf_weight=2002 29916 344 2276 3300 5220 52 784 370 1153 2104 1967 128 766 2900 4893 48 694 749 1169 34 2678 576 639 180 52 66 1512 3594 1051 42
leaf_count=2002 29916 344 2276 3300 5220 52 784 370 1153 2104 1967 128 766 2900 4893 48 694 749 1169 34 2678 576 639 180 52 66 1512 3594 1051 42
internal_value=3.31394e-10 0.0356876 0.0518265 0.0154945 -0.0259146 0.0713415 0.0416186 0.0252691 -0.010827 0.00105811 0.0214998 0.0639194 0.0724653 0.0375589 -0.0286864 0.0960685 0.00865568 0.0164686 0.092351 0.00470268 0.0503866 -0.00718781 0.0326052 0.0871115 0.141459 -0.0297298 0.0370549 0.0302846 0.0607136 0.0410168
internal_weight=71259 29977 16661 13316 41282 5722 10939 7940 6407 5376 6016 4401 2125 7477 34875 1321 2798 4049 1221 1187 3462 2578 4577 946 100 29982 1924 3938 1179 1554
internal_count=71259 29977 16661 13316 41282 5722 10939 7940 6407 5376 6016 4401 2125 7477 34875 1321 2798 4049 1221 1187 3462 2578 4577 946 100 29982 1924 3938 1179 1554
is_linear=0
shrinkage=0.03


Tree=3
num_leaves=31
num_cat=0
split_feature=13 7 4 14 4 3 14 14 14 4 14 4 14 14 4 14 8 4 7 14 5 10 14 14 14 5 11 7 7 9
split_gain=68897.4 10117.9 3985.24 2951.8 1787.88 1266.18 1161.46 916.324 873.09 515.36 467.584 490.849 383.102 376.727 374.668 307.727 298.36 290.278 282.215 267.274 252.723 228.352 226.037 209.845 202.275 186.648 178.301 173.684 169.577 167.972
threshold=1.0000000180025095e-35 3.6774999999999998 25.166666666666668 65.500000000000014 3.416666666666667 1.5000000000000002 100.50000000000001 56.500000000000007 53.500000000000007 81.833333333333357 74.500000000000014 86.833333333333357 45.500000000000007 54.500000000000007 81.416666666666671 50.500000000000007 1.0000000180025095e-35 47.833333333333336 7.910000000000001 54.500000000000007 22.675000000000004 1.8333333333333337 51.500000000000007 54.500000000000007 40.500000000000007 45.900000000000006 3.1185999185999189 1.0000000180025095e-35 0.48000000000000009 1.5833333333333337
decision_type=2 10 10 2 10 10 2 2 2 10 2 10 2 2 10 2 2 10 10 2 10 10 2 2 2 10 10 10 10 8
left_child=1 2 7 8 19 9 14 12 24 23 11 15 28 -6 -5 29 21 -15 25 27 -12 -10 -11 -4 -3 -18 -13 -2 -1 -7
right_child=4 3 5 6 13 10 -8 -9 16 22 20 26 -14 17 -16 -17 18 -19 -20 -21 -22 -23 -24 -25 -26 -27 -28 -29 -30 -31
leaf_value=-0.015820614998912838 -0.02921014989525382 -0.0093900406645501359 0.012991828052782079 0.068630387109461996 -0.0136141152792433 0.033563443292791401 0.14382197121187437 0.030791075854670277 0.045909024289348968 0.030866915243991291 0.16696497777104377 0.043673260878381158 0.0056110534097394372 -0.002995847432096372 0.09464763454598113 0.042957906390390085 0.022432793838282426 0.032727390286337407 0.11182247321560697 -0.01796526747427353 0.071363808149344302 0.071320031534153894 0.064088984267740706 0.030039741298318365 0.042823185817479313 0.072293505943456626 0.060645454853773116 -0.022380033273418077 0.0017206929314349379 0.020297615579135526
leaf_weight=1702 29090 68 3684 957 4940 1843 319 905 937 1827 30 2462 2808 837 1039 1705 72 271 159 2357 146 482 205 789 3711 1098 720 3787 700 1609
leaf_count=1702 29090 68 3684 957 4940 1843 319 905 937 1827 30 2462 2808 837 1039 1705 72 271 159 2357 146 482 205 789 3711 1098 720 3787 700 1609
internal_value=-1.31841e-10 0.034617 0.0233438 0.0615632 -0.0251372 0.0316559 0.0906684 0.00292716 0.0512402 0.0216903 0.039269 0.0382477 -0.00191293 -0.0100681 0.0821734 0.0325304 0.0641071 0.00574151 0.0743214 -0.0277238 0.0876595 0.0545405 0.0342186 0.0159989 0.0418837 0.0692252 0.0475136 -0.0284234 -0.0107087 0.0273802
internal_weight=71259 29977 21135 8842 41282 15020 2315 6115 6527 6505 8515 8339 5210 6048 1996 5157 2748 1108 1329 35234 176 1419 2032 4473 3779 1170 3182 32877 2402 3452
internal_count=71259 29977 21135 8842 41282 15020 2315 6115 6527 6505 8515 8339 5210 6048 1996 5157 2748 1108 1329 35234 176 1419 2032 4473 3779 1170 3182 32877 2402 3452
is_linear=0
shrinkage=0.03


Tree=4
num_leaves=31
num_cat=0
split_feature=2 4 7 3 14 4 14 14 3 3 4 4 1 14 2 8 14 14 14 14 4 4 4 7 10 12 4 3 2 7
split_gain=63993.1 6463.38 6257.01 2551.7 1608.61 1147.97 1068.55 861.943 798.748 593.926 458.171 438.276 423.986 419.107 411.19 380.839 347.253 336.887 295.509 292.138 232.012 212.777 212.188 209.774 205.679 193.432 190.306 185.718 180.869 238.966
threshold=1.0639242139943768 3.416666666666667 5.326666666666668 1.5000000000000002 100.50000000000001 76.166666666666671 53.500000000000007 50.500000000000007 1.0000000180025095e-35 1.0000000180025095e-35 55.833333333333336 74.833333333333357 3.3666666666666667 74.500000000000014 0.08968664360128796 1.0000000180025095e-35 62.500000000000007 56.500000000000007 50.500000000000007 59.500000000000007 22.833333333333339 74.833333333333357 79.166666666666671 10.363333333333335 4.166666666666667 2.5000000000000004 52.833333333333336 1.0000000180025095e-35 3.8746182513504928 7.7800000000000011
decision_type=10 8 10 10 2 10 2 2 10 10 10 10 10 2 10 2 2 2 2 2 10 10 10 10 8 2 10 10 10 10
left_child=1 14 3 5 7 9 12 27 11 26 -9 19 21 22 -1 -12 -11 20 -7 -3 -10 -5 -8 -17 -21 -15 -2 -4 -6 -30
right_child=2 8 4 6 28 18 13 10 17 16 15 -13 -14 25 -16 23 -18 -19 -20 24 -22 -23 -24 -25 -26 -27 -28 -29 29 -31
leaf_value=-0.027993597389979016 -0.007643038116712875 -0.010919524851303687 -0.0078947783850911845 0.025681865198539551 0.087911088759248898 0.031824689903734001 0.045309637760042758 0.037661080561476212 -0.00028924023923367016 0.015646243395932603 0.066673602475309193 0.026353616179471989 0.04667843755218358 0.070840156466310672 -0.019466394300154771 0.08463333238114619 0.043466058856300012 0.031448456128401789 0.059719690670474217 0.0039193167882385074 0.014027280414538981 0.036761302242380153 0.061791153994804997 0.12650559016527274 0.054746586337037703 0.117033455872844 0.011000767363951756 0.044077065737159166 0.20528335807415155 0.13324018932221568
leaf_weight=29983 1338 5465 67 3027 55 1916 1866 292 2206 3026 1557 332 2211 275 6130 1352 466 544 416 324 1893 3219 1128 117 92 116 780 810 52 204
leaf_count=29983 1338 5465 67 3027 55 1916 1866 292 2206 3026 1557 332 2211 275 6130 1352 466 544 416 324 1893 3219 1128 117 92 116 780 810 52 204
internal_value=5.90709e-10 -0.0204445 0.039533 0.0322664 0.0714375 0.0191104 0.0410897 0.066557 -0.00014699 0.0117567 0.0735483 -0.0071816 0.0353884 0.0553339 -0.0265461 0.0770113 0.0193587 0.00926632 0.0368008 -0.00907476 0.00632241 0.0313919 0.0515191 0.0879683 0.01516 0.0845446 -0.000777047 0.0401066 0.13727 0.147874
internal_weight=71259 46969 24290 19784 4506 7942 11842 4195 10856 5610 3318 6213 8457 3385 36113 3026 3492 4643 2332 5881 4099 6246 2994 1469 416 391 2118 877 311 256
internal_count=71259 46969 24290 19784 4506 7942 11842 4195 10856 5610 3318 6213 8457 3385 36113 3026 3492 4643 2332 5881 4099 6246 2994 1469 416 391 2118 877 311 256
is_linear=0
shrinkage=0.03


Tree=5
num_leaves=31
num_cat=0
split_feature=13 2 14 4 2 14 1 14 4 4 14 4 14 4 14 8 14 14 7 2 9 14 14 14 12 2 7 14 4 2
split_gain=61113.4 9076.02 3903.12 1762.28 1607.89 1531.97 878.764 796.31 621.641 554.737 430.789 389.076 366.993 297.822 268.837 257.932 256.028 229.479 225.312 197.426 184.311 175.796 174.605 165.223 164.815 164.156 164.091 154.611 149.554 147.817
threshold=1.0000000180025095e-35 1.796455514826431 59.500000000000007 10.41666666666667 0.27626479332100468 100.50000000000001 3.3666666666666667 61.500000000000007 81.416666666666671 81.833333333333357 49.500000000000007 47.833333333333336 45.500000000000007 39.166666666666679 54.500000000000007 1.0000000180025095e-35 52.500000000000007 50.500000000000007 5.8500000000000023 5.8981470417516997 2.8333333333333335 85.500000000000014 54.500000000000007 72.500000000000014 3.5000000000000004 0.021974468166476052 2.4450000000000007 74.500000000000014 78.166666666666671 1.988657584329226
decision_type=2 10 2 10 10 2 10 2 10 10 2 10 2 10 2 2 2 2 10 10 10 2 2 2 2 10 10 2 10 10
left_child=1 3 6 10 25 8 13 9 19 17 -1 22 -8 -3 -13 -14 -15 26 -17 -4 -11 -21 -6 -9 -7 -2 -5 -12 -18 -10
right_child=4 2 5 7 11 24 12 23 29 20 27 14 15 16 -16 18 28 -19 -20 21 -22 -23 -24 -25 -26 -27 -28 -29 -30 -31
leaf_value=-0.011694441640830134 -0.027458273729878239 0.017157895114352093 0.053138852431187003 0.0090751238591201093 -0.016381541740209716 0.12401139048199485 0.035436156885306526 0.04108945364388851 0.020697397521563937 0.035635997934860275 0.0074988508424652153 -0.0028701070548059083 0.04614080835938137 0.031987802280078921 0.031060925445543439 0.055333993885019125 0.037277359508399693 0.023767834058535598 0.078730066837724919 0.072620974930456883 0.0023457215490137657 0.15068278875947 -0.0032585059600622659 0.071646602549155544 0.17462534487918019 -0.022317049889276023 0.023781482794169168 0.052753832116723055 0.055876464162317202 0.083028443209134203
leaf_weight=2289 27038 940 1738 4531 4868 254 1307 545 35 1714 1206 936 1885 5232 271 1307 848 1766 517 193 164 30 1123 225 75 7046 804 72 719 1581
leaf_count=2289 27038 940 1738 4531 4868 254 1307 545 35 1714 1206 936 1885 5232 271 1307 848 1766 517 193 164 30 1123 225 75 7046 804 72 719 1581
internal_value=1.90049e-10 0.0326029 0.0473603 0.0141383 -0.0236746 0.0735995 0.039325 0.0207398 0.0679016 0.018229 -0.00390431 -0.010791 0.049106 0.0329855 0.00474821 0.053923 0.0351738 0.0143943 0.0619654 0.0565485 0.0327289 0.0831226 -0.0139217 0.0500185 0.13555 -0.0263955 0.0112914 0.0100484 0.0458113 0.0816785
internal_weight=71259 29977 16661 13316 41282 3906 12755 9749 3577 8979 3567 7198 5016 7739 1207 3709 6799 7101 1824 1961 1878 223 5991 770 329 34084 5335 1278 1567 1616
internal_count=71259 29977 16661 13316 41282 3906 12755 9749 3577 8979 3567 7198 5016 7739 1207 3709 6799 7101 1824 1961 1878 223 5991 770 329 34084 5335 1278 1567 1616
is_linear=0
shrinkage=0.03


Tree=6
num_leaves=31
num_cat=0
split_feature=2 4 6 14 3 4 14 14 3 3 4 4 4 2 14 14 14 14 14 8 4 14 4 11 6 4 4 10 14 14
split_gain=56745.6 5719.67 5539.02 1990.8 1971.75 933.395 896.092 734.139 700.975 489.98 401.116 384.373 371.041 360.03 309.032 299.857 269.744 263.373 247.453 231.172 230.132 226.187 206.642 199.443 233.087 199.13 196.974 188.732 187.932 164.651
threshold=1.0639242139943768 3.416666666666667 4.8166666666666691 84.500000000000014 1.5000000000000002 77.500000000000014 53.500000000000007 53.500000000000007 1.0000000180025095e-35 1.0000000180025095e-35 81.833333333333357 74.833333333333357 82.833333333333357 0.08968664360128796 50.500000000000007 56.500000000000007 62.500000000000007 59.500000000000007 42.500000000000007 1.0000000180025095e-35 65.416666666666671 93.500000000000014 22.833333333333339 4.0244680851063839 11.483333333333336 88.833333333333357 52.833333333333336 4.166666666666667 72.500000000000014 69.500000000000014
decision_type=10 8 10 2 10 10 2 2 10 10 10 10 10 10 2 2 2 2 2 2 10 2 10 10 10 10 10 8 2 2
left_child=1 13 4 6 5 9 18 10 11 26 -6 17 -8 -1 -7 22 -11 -3 -4 -14 -5 -9 -10 24 28 -22 -2 -19 -21 -28
right_child=2 8 3 20 7 14 12 21 15 16 -12 -13 19 -15 -16 -17 -18 27 -20 23 25 -23 -24 -25 -26 -27 29 -29 -30 -31
leaf_value=-0.026346304126601834 -0.0072699140653245458 -0.010272482872494961 -0.0092719433137348727 0.076116316965140332 0.025688637705849303 0.029066584068746015 0.0557530781293957 0.049405775441067445 -0.00035668155112568076 0.014619959999241866 0.039381020703116998 0.024657360537942631 0.064890991519127389 -0.018367188080588848 0.059287017196740788 0.029587973613456327 0.039123519327587043 0.0037221978087392119 0.043263018063364959 0.066975831441481143 0.14504542789283537 0.10928084130431044 0.013154427087061377 0.1148301243082771 0.14862195190133118 0.1055847574182821 0.0086195875872076347 0.052410504626839056 0.10820391284256446 0.074307525629798574
leaf_weight=29983 1353 5465 84 109 3793 1766 1648 2706 2206 2972 3911 332 897 6130 368 544 468 324 2050 521 222 58 1893 179 41 239 746 92 123 36
leaf_count=29983 1353 5465 84 109 3793 1766 1648 2706 2206 2972 3911 332 897 6130 368 544 468 324 2050 521 222 58 1893 179 41 239 746 92 123 36
internal_value=-1.39826e-10 -0.019252 0.0372271 0.0619306 0.0289192 0.0174055 0.0564406 0.0373984 -0.000157956 0.010947 0.0326397 -0.00674797 0.0659841 -0.0249919 0.034278 0.00866042 0.0179536 -0.00852089 0.0411951 0.0755587 0.115318 0.0506622 0.00588302 0.0866338 0.0792657 0.124588 -0.000342347 0.0144898 0.0748501 0.0116436
internal_weight=71259 46969 24290 6113 18177 7709 5543 10468 10856 5575 7704 6213 3409 36113 2134 4643 3440 5881 2134 1761 570 2764 4099 864 685 461 2135 416 644 782
internal_count=71259 46969 24290 6113 18177 7709 5543 10468 10856 5575 7704 6213 3409 36113 2134 4643 3440 5881 2134 1761 570 2764 4099 864 685 461 2135 416 644 782
is_linear=0
shrinkage=0.03


Tree=7
num_leaves=31
num_cat=0
split_feature=13 6 14 5 14 6 5 6 14 3 14 14 14 3 14 5 11 11 8 10 1 14 3 9 5 5 11 9 8 5
split_gain=54216.7 7936.19 3402.73 1756.89 1510.45 1402.32 801.198 756.639 572.069 423.659 405.019 319.603 311.931 266.921 239.969 239.279 216.406 335.283 307.979 214.631 214.125 195.546 182.153 174.604 173.555 173.528 163.779 286.047 162.606 172.353
threshold=1.0000000180025095e-35 2.366666666666668 54.500000000000007 13.700000000000001 105.50000000000001 0.033333333333333361 81.90000000000002 4.9333333333333353 54.500000000000007 1.5000000000000002 49.500000000000007 54.500000000000007 70.500000000000014 1.5000000000000002 54.500000000000007 45.45000000000001 2.4037371358799935 1.1514928698752229 1.0000000180025095e-35 2.166666666666667 3.3666666666666667 74.500000000000014 1.5000000000000002 1.5833333333333337 69.100000000000009 49.900000000000006 3.0011337868480727 1.4166666666666667 1.0000000180025095e-35 63.675000000000004
decision_type=2 10 2 10 2 10 10 10 2 10 2 2 2 10 2 10 10 10 2 10 10 2 10 10 10 10 10 8 2 10
left_child=1 3 9 10 7 14 8 28 13 -3 -1 -7 24 -5 -2 -13 17 -6 -18 20 -11 -12 -10 -8 -9 -14 27 -27 -4 -30
right_child=5 2 4 6 16 11 23 12 22 19 21 15 25 -15 -16 -17 18 -19 -20 -21 -22 -23 -24 -25 -26 26 -28 -29 29 -31
leaf_value=-0.0093657092671326492 -0.025336110553325061 0.02528183214122659 0.03967886934311611 0.0087002511880484353 0.10977561471904138 -0.012490910681564781 0.046629429025047305 0.048808622830411763 0.02534397776699238 0.030991378330982786 0.0075668782029015991 -0.006197746781748374 0.045744070551685383 0.020905074102039088 -0.015389556869983861 0.02203357561770207 0.079908239824492161 0.23664736067976902 0.14952230691708424 0.049520459758672475 0.04338532712916001 0.054161455586206081 0.047163301388524016 0.028429250195184688 0.067844475986436018 0.11559328033123165 0.072132208098541012 0.073800683787284785 0.043564831410019919 0.065554227649395586
leaf_weight=2583 32535 3148 1265 4152 38 5282 1072 618 831 3134 1412 674 111 2637 2340 451 118 37 111 1313 2092 86 588 851 1425 310 480 281 626 658
leaf_count=2583 32535 3148 1265 4152 38 5282 1072 618 831 3134 1412 674 111 2637 2340 451 118 37 111 1313 2092 86 588 851 1425 310 480 281 626 658
internal_value=6.30252e-11 0.0307082 0.0453641 0.0144507 0.0629596 -0.0222988 0.0211453 0.0595281 0.0170618 0.034324 -0.00216842 -0.00939865 0.069183 0.0134409 -0.0246687 0.00511988 0.128137 0.172366 0.113651 0.0386771 0.0359528 0.0102419 0.0343854 0.0385752 0.0620862 0.0814492 0.0851497 0.0957224 0.0473127 0.0548335
internal_weight=71259 29977 15765 14212 6078 41282 10131 5774 8208 9687 4081 6407 3225 6789 34875 1125 304 75 229 6539 5226 1498 1419 1923 2043 1182 1071 591 2549 1284
internal_count=71259 29977 15765 14212 6078 41282 10131 5774 8208 9687 4081 6407 3225 6789 34875 1125 304 75 229 6539 5226 1498 1419 1923 2043 1182 1071 591 2549 1284
is_linear=0
shrinkage=0.03


Tree=8
num_leaves=31
num_cat=0
split_feature=13 2 14 5 2 14 1 14 14 8 5 14 14 5 14 5 9 14 3 14 14 5 14 11 11 11 11 8 14 14
split_gain=51012.5 7594.16 3359.14 1362.28 1347.28 1190.32 842.716 566.257 413.687 390.396 389.103 331.333 302.819 294.466 287.71 232.318 217.323 211.751 197.673 202.473 185.085 180.109 177.507 171.838 169.298 159.787 210.434 181.811 151.73 150.101
threshold=1.0000000180025095e-35 1.7392393460537454 62.500000000000007 13.700000000000001 0.27626479332100468 100.50000000000001 3.3666666666666667 54.500000000000007 49.500000000000007 1.0000000180025095e-35 66.63333333333334 54.500000000000007 53.500000000000007 44.633333333333333 52.500000000000007 45.45000000000001 2.5000000000000004 72.500000000000014 2.5000000000000004 85.500000000000014 74.500000000000014 71.90000000000002 45.500000000000007 1.092667264038232 1.9298513050919988 2.9447831978319789 1.1514928698752229 1.0000000180025095e-35 49.500000000000007 40.500000000000007
decision_type=2 10 2 10 10 2 10 2 2 2 10 2 2 10 2 10 10 2 10 2 2 10 2 10 10 10 10 2 2 2
left_child=1 3 6 8 28 10 14 13 -1 22 -4 -6 -11 -5 29 -13 -15 -9 -12 -20 -10 -16 -8 -19 -21 26 -7 -27 -2 -3
right_child=4 2 5 7 11 25 9 17 20 12 18 15 -14 16 21 -17 -18 23 19 24 -22 -23 -24 -25 -26 27 -28 -29 -30 -31
leaf_value=-0.0094580769729402225 -0.024979123903413471 0.0040102500919206637 0.050711062533667396 0.0093505340030951983 -0.012990832204496353 0.10627460351485447 0.0243148957133116 0.031203174996210968 0.0079745180190919501 0.04698553149126132 0.062453525786794729 -0.0052003568785381872 0.06895047111418684 0.024184167575729193 0.03248894222044945 0.020948347154733361 0.0033981833670820509 0.11112267357512161 0.077293045174958039 0.17909095959272234 0.053855783545545169 0.050095429366104324 0.042093467473983764 0.047943672505452437 0.096158763865629826 0.07975660238733466 0.18509609258161591 0.13612660207730884 -0.01945472043663124 0.028062246362257074
leaf_weight=2537 28786 243 1214 3592 5804 54 673 1318 1365 1787 886 941 826 3287 1250 453 525 52 837 32 84 899 2030 152 72 104 70 102 5298 5986
leaf_count=2537 28786 243 1214 3592 5804 54 673 1318 1365 1787 886 941 826 3287 1250 453 525 52 837 32 84 899 2030 152 72 104 70 102 5298 5986
internal_value=-1.97794e-10 0.0297869 0.0429213 0.012428 -0.0216298 0.0697481 0.0363175 0.0189397 -0.00215405 0.0456603 0.0638756 -0.00983644 0.0539289 0.0155138 0.0303894 0.00329703 0.0213215 0.0356055 0.0726231 0.0821983 0.0106343 0.0398543 0.0376669 0.0640481 0.121676 0.123864 0.150771 0.107668 -0.0241204 0.027124
internal_weight=71259 29977 17065 12912 41282 3371 13694 8926 3986 5316 3041 7198 2613 7404 8378 1394 3812 1522 1827 941 1449 2149 2703 204 104 330 124 206 34084 6229
internal_count=71259 29977 17065 12912 41282 3371 13694 8926 3986 5316 3041 7198 2613 7404 8378 1394 3812 1522 1827 941 1449 2149 2703 204 104 330 124 206 34084 6229
is_linear=0
shrinkage=0.03


Tree=9
num_leaves=31
num_cat=0
split_feature=2 4 7 3 4 7 3 3 9 4 2 4 7 4 3 2 7 8 5 4 8 2 4 2 9 9 10 11 7 11
split_gain=47441.4 4763.82 4742.91 1848.39 880.611 662.89 580.662 395.959 364.09 319.476 305.345 295.351 298.246 246.293 242.995 228.079 221.852 221.461 189.616 166.081 165.307 169.696 159.585 157.091 150.132 136.562 135.683 121.315 120.694 112.384
threshold=1.0639242139943768 3.416666666666667 4.9225000000000012 1.5000000000000002 76.166666666666671 6.910000000000001 1.0000000180025095e-35 1.0000000180025095e-35 1.4166666666666667 74.833333333333357 0.08968664360128796 59.833333333333336 11.230000000000002 84.416666666666671 1.0000000180025095e-35 1.875526244199188 4.4225000000000003 1.0000000180025095e-35 88.90000000000002 12.500000000000002 1.0000000180025095e-35 3.7437434169000308 52.833333333333336 5.088837135982776 inf inf 1.8333333333333337 0.54410884353741518 5.8500000000000023 2.0686958266452655
decision_type=10 8 10 10 10 10 10 10 10 10 10 10 10 10 10 10 10 2 10 10 2 10 10 10 8 8 8 10 10 10
left_child=1 10 3 4 7 14 9 22 16 24 25 -7 20 -14 -4 -10 18 -16 -5 -8 27 -22 -2 -17 -3 -1 -6 -13 -19 -9
right_child=2 6 5 8 26 11 19 29 15 -11 -12 12 13 -15 17 23 -18 28 -20 -21 21 -23 -24 -25 -26 -27 -28 -29 -30 -31
leaf_value=-0.024183853072383237 -0.0076524602191963597 -0.0093785930828630629 0.020550237310802476 0.034890771087002011 0.026485843377886339 0.031735489100075447 8.3176659115839115e-05 0.011700484164306125 0.016806883795483091 0.022456420838653322 -0.016740561214091822 0.11178602848734175 0.16218174574763647 0.088713060712351841 0.044328851965667923 0.030136317942852795 0.0592493135179393 0.053267703208233819 0.047735862407710522 0.011994313972497245 0.05641972910921076 0.087063040205241624 0.0096887856645006976 0.049637430042028426 0.0066855213930910509 0.019017030400308693 0.042398316244439752 0.059646404132519364 0.070897553988107959 0.023417162300122901
leaf_weight=29917 1297 5300 233 4269 1536 157 1616 2323 1113 332 6130 42 56 154 1498 3569 480 813 1365 3027 213 688 756 415 581 66 703 918 613 1079
leaf_count=29917 1297 5300 233 4269 1536 157 1616 2323 1113 332 6130 42 56 154 1498 3569 480 813 1365 3027 213 688 756 415 581 66 703 918 613 1079
internal_value=-2.88634e-10 -0.0176031 0.0340386 0.0269635 0.0156401 0.0588771 -0.000177369 0.00913782 0.0347346 -0.00617523 -0.0228414 0.0714065 0.0744139 0.108305 0.0500347 0.0288134 0.0396709 0.0523842 0.0380029 0.00784863 0.0705896 0.0798188 -0.00126669 0.0321677 -0.00779158 -0.0240888 0.031482 0.0619275 0.0608463 0.0154166
internal_weight=71259 46969 24290 18905 7694 5385 10856 5455 11211 6213 36113 2228 2071 210 3157 5097 6114 2924 5634 4643 1861 901 2053 3984 5881 29983 2239 960 1426 3402
internal_count=71259 46969 24290 18905 7694 5385 10856 5455 11211 6213 36113 2228 2071 210 3157 5097 6114 2924 5634 4643 1861 901 2053 3984 5881 29983 2239 960 1426 3402
is_linear=0
shrinkage=0.03


Tree=10
num_leaves=31
num_cat=0
split_feature=13 7 2 14 2 14 4 14 4 14 14 14 4 9 9 3 14 8 10 14 14 7 11 8 9 11 4 12 9 8
split_gain=45234.9 6800.26 3305.52 1596.68 1188.08 707.947 623.419 645.921 603.525 359.599 336.481 326.918 309.944 281.197 241.262 221.014 220.419 210.916 210.785 209.611 205.198 202.284 200.002 295.782 182.827 172.628 161.134 151.606 148.065 147.713
threshold=1.0000000180025095e-35 4.4225000000000003 1.1839978978237031 65.500000000000014 0.27626479332100468 108.50000000000001 81.833333333333357 54.500000000000007 10.41666666666667 53.500000000000007 53.500000000000007 45.500000000000007 47.833333333333336 1.4166666666666667 1.5833333333333337 1.5000000000000002 60.500000000000007 1.0000000180025095e-35 1.5833333333333337 55.500000000000007 93.500000000000014 7.910000000000001 2.4037371358799935 1.0000000180025095e-35 inf 1.7042865890998167 81.833333333333357 1.0000000180025095e-35 1.1666666666666667 1.0000000180025095e-35
decision_type=2 10 10 2 10 2 10 2 10 2 2 2 10 8 10 10 2 2 10 2 2 10 10 2 8 10 10 2 10 2
left_child=1 2 8 10 -2 13 7 15 11 14 -3 -1 -6 29 25 -4 28 18 -12 -14 27 -19 -7 -24 -13 -8 -15 -9 -10 -5
right_child=4 3 6 5 12 22 9 20 16 -11 17 24 19 26 -16 -17 -18 21 -20 -21 -22 -23 23 -25 -26 -27 -28 -29 -30 -31
leaf_value=-0.013820286410650685 -0.022706968710144385 0.036967944240910093 0.011494183385013779 0.070175292298726821 -0.012087665601564932 0.17259167311447005 0.030926979099387662 0.021678338773423733 0.017448242364681621 0.053743286584322654 0.032124487084154156 0.0005579709503182815 -0.0013429818917859277 0.043085859840448104 0.026342610773173243 0.023107431870073119 0.036532494036635013 0.05774182457671647 0.058237279002147584 0.030982678495516062 0.09772290896700353 0.094575193528929402 0.075345764593180042 0.14528188735246658 0.026722610867940463 0.0454587772046679 0.069703126945667479 0.039798055197699023 0.0064934385698294933 0.093644863367960837
leaf_weight=1634 34084 2235 2370 514 5991 56 1322 537 1771 899 582 1506 986 382 2475 3905 314 860 533 221 49 159 113 105 286 1659 441 1838 2977 455
leaf_count=1634 34084 2235 2370 514 5991 56 1322 537 1771 899 582 1506 986 382 2475 3905 314 860 533 221 49 159 113 105 286 1659 441 1838 2977 455
internal_value=-4.33489e-11 0.0280495 0.0205791 0.0553793 -0.0203682 0.0771105 0.0290201 0.0238021 0.00560834 0.0361628 0.0451032 -0.0041154 -0.00929344 0.0702435 0.033266 0.0187212 0.0121895 0.0536234 0.0446071 0.0045758 0.0369548 0.0634891 0.122021 0.109031 0.0047338 0.0390143 0.0573486 0.0357011 0.0105796 0.0811956
internal_weight=71259 29977 23542 6435 41282 2066 15054 8699 8488 6355 4369 3426 7198 1792 5456 6275 5062 2134 1115 1207 2424 1019 274 218 1792 2981 823 2375 4748 969
internal_count=71259 29977 23542 6435 41282 2066 15054 8699 8488 6355 4369 3426 7198 1792 5456 6275 5062 2134 1115 1207 2424 1019 274 218 1792 2981 823 2375 4748 969
is_linear=0
shrinkage=0.03


Tree=11
num_leaves=31
num_cat=0
split_feature=13 7 2 14 6 14 4 14 4 14 14 14 4 3 8 14 7 14 10 14 4 14 2 6 4 6 11 14 2 7
split_gain=42561.5 6410.62 2629.02 1943.6 1119.55 744.041 610.993 571.325 542.26 501.25 308.673 265.369 258.563 228.67 227.875 213.227 207.07 204.721 203.83 202.942 192.514 176.229 150.366 136.62 134.356 132.892 124.64 120.692 118.754 186.108
threshold=1.0000000180025095e-35 3.6774999999999998 1.1839978978237031 65.500000000000014 0.033333333333333361 100.50000000000001 87.833333333333357 53.500000000000007 10.41666666666667 62.500000000000007 49.500000000000007 54.500000000000007 81.416666666666671 1.5000000000000002 1.0000000180025095e-35 54.500000000000007 7.910000000000001 60.500000000000007 1.8333333333333337 45.500000000000007 47.833333333333336 40.500000000000007 3.1637059974511068 2.0166666666666688 6.166666666666667 0.70000000000000062 2.6989213998852555 40.500000000000007 3.8746182513504928 7.7800000000000011
decision_type=2 10 10 2 10 2 10 2 10 2 2 2 10 10 2 2 10 2 10 2 10 2 10 10 8 10 10 2 10 10
left_child=1 2 8 7 15 12 9 21 10 13 -1 -6 -5 -4 18 -2 -16 27 -9 -8 -13 -3 -23 -15 -12 -11 -21 -10 -7 -30
right_child=4 3 6 5 11 28 19 14 17 25 24 20 -14 23 16 -17 -18 -19 -20 26 -22 22 -24 -25 -26 -27 -28 -29 29 -31
leaf_value=-0.01063116474295194 -0.022503765542049831 -0.015147465669056948 0.012847886283668527 0.054224286275012759 -0.011048445712204331 0.075988156164771517 0.029588351637454321 0.034173243018413874 -0.0042953417980596265 0.096427478317807361 -0.0034926699939200356 -0.0019921427736477597 0.075837568245455372 0.017599055076221583 0.055249913855081573 -0.013127793889929306 0.091737937851484153 0.035338556035620264 0.058181080665300242 0.036969539144161075 0.02702900622218737 0.027482465245093571 0.039560807018455414 0.027892349298730766 0.016781725227790034 0.041097427512439298 0.051970432985867003 0.011603377080308928 0.16981258992105722 0.10960508032076394
leaf_weight=2219 32535 68 2797 957 5282 58 2172 937 479 41 509 854 1039 1976 1170 2340 159 305 482 1320 271 1835 1876 2812 697 829 801 4178 60 201
leaf_count=2219 32535 68 2797 957 5282 58 2172 937 479 41 509 854 1039 1976 1170 2340 159 305 482 1320 271 1835 1876 2812 697 829 801 4178 60 201
internal_value=7.39637e-11 0.027208 0.0182347 0.0486568 -0.0197571 0.0722741 0.0268169 0.0402802 0.00518997 0.0221369 -0.00399167 -0.00823074 0.0654749 0.0196631 0.0506886 -0.0218747 0.0596153 0.0115275 0.0423281 0.036034 0.00499873 0.0327114 0.0335884 0.0236443 0.00822479 0.0437049 0.0426347 0.0099681 0.114817 0.123446
internal_weight=71259 29977 21135 8842 41282 2315 12748 6527 8387 8455 3425 6407 1996 7585 2748 34875 1329 4962 1419 4293 1125 3779 3711 4788 1206 870 2121 4657 319 261
internal_count=71259 29977 21135 8842 41282 2315 12748 6527 8387 8455 3425 6407 1996 7585 2748 34875 1329 4962 1419 4293 1125 3779 3711 4788 1206 870 2121 4657 319 261
is_linear=0
shrinkage=0.03


Tree=12
num_leaves=31
num_cat=0
split_feature=13 7 2 2 7 4 4 3 8 4 6 8 7 11 10 11 10 2 2 6 7 5 11 10 2 10 10 6 10 7
split_gain=40046.1 6039.39 2922.22 1065.72 793.21 558.085 534.188 340.022 288.45 282.071 249.73 245.848 245.622 176.597 228.112 153.625 151.245 128.428 128.302 124.847 124.526 121.153 118.665 118.217 117.61 112.233 111.075 120.291 108.03 155.24
threshold=1.0000000180025095e-35 4.4225000000000003 1.1839978978237031 0.27626479332100468 6.910000000000001 81.833333333333357 10.41666666666667 1.5000000000000002 1.0000000180025095e-35 50.416666666666679 2.3333333333333344 1.0000000180025095e-35 11.230000000000002 2.4857368896925864 0.83333333333333337 4.6267857142857149 1.5833333333333337 3.7437434169000308 0.021974468166476052 8.516666666666671 5.8500000000000023 86.63333333333334 2.0686958266452655 inf 5.7018627102597748 3.416666666666667 2.166666666666667 2.9666666666666681 2.5000000000000004 8.3700000000000028
decision_type=2 10 10 10 10 10 10 10 2 10 10 2 10 10 10 10 10 10 10 10 10 10 10 8 10 10 10 10 10 10
left_child=1 2 6 18 8 7 -1 22 16 -5 -9 28 17 14 -7 -11 19 -13 23 -3 24 -14 -4 -2 -10 -16 -12 -28 -6 -30
right_child=3 4 5 9 11 13 -8 10 20 15 26 12 21 -15 25 -17 -18 -19 -20 -21 -22 -23 -24 -25 -26 -27 27 -29 29 -31
leaf_value=-0.0038724686089379548 -0.022413442390965446 0.027533659466409986 0.010632491065903013 -0.011176067764954906 0.053904886847856506 0.01684023545854629 0.011467211367536655 0.019977378695849701 0.045215585997126363 0.0034273450888983982 0.029871487674498501 0.053157720835346083 0.15891795075498519 0.041072282901290454 0.033093391491144673 0.069164159081198953 0.045314702969843676 0.079071481689209702 -0.017773894377952845 0.079643313234108823 0.063723614618088259 0.091982456302305435 0.022953307561942082 0.01939712652379311 0.07552876169094816 0.065519047713640963 0.022817240540797895 0.052641452163971703 0.046988111191772312 0.11411332024607176
leaf_weight=3426 26977 1098 2179 6114 989 874 5062 2529 1343 1051 2348 227 45 2137 3245 33 1040 712 7046 43 634 53 1039 61 126 99 169 435 57 68
leaf_count=3426 26977 1098 2179 6114 989 874 5062 2529 1343 1051 2348 227 45 2137 3245 33 1040 712 7046 43 634 53 1039 61 126 99 169 435 57 68
internal_value=-2.82173e-10 0.0263917 0.0193517 -0.0191644 0.0521473 0.0272882 0.00527568 0.0223512 0.0446839 -0.00867545 0.0268959 0.0670116 0.0775237 0.0340463 0.0304867 0.00542856 0.0370398 0.0728069 -0.0213795 0.0294975 0.0526115 0.122718 0.0146105 -0.0223191 0.0478156 0.0340534 0.032823 0.0442966 0.0572262 0.0835042
internal_weight=71259 29977 23542 41282 6435 15054 8488 8699 4284 7198 5481 2151 1037 6355 4218 1084 2181 939 34084 1141 2103 98 3218 27038 1469 3344 2952 604 1114 125
internal_count=71259 29977 23542 41282 6435 15054 8488 8699 4284 7198 5481 2151 1037 6355 4218 1084 2181 939 34084 1141 2103 98 3218 27038 1469 3344 2952 604 1114 125
is_linear=0
shrinkage=0.03


Tree=13
num_leaves=31
num_cat=0
split_feature=13 6 14 4 14 7 14 4 5 14 14 3 14 14 11 4 8 5 8 14 11 11 4 14 7 5 11 5 6 5
split_gain=37679.4 5703.9 2509.4 1289.95 1154.24 1003.57 575.335 560.265 479.771 344.27 342.192 301.872 272.793 249.776 248.262 247.313 240.451 202.848 201.854 189.11 184.95 171.269 162.705 159.423 159.408 151.663 145.866 143.748 142.282 133.124
threshold=1.0000000180025095e-35 2.366666666666668 54.500000000000007 28.416666666666668 84.500000000000014 0.020000000000000056 57.500000000000007 82.833333333333357 89.90000000000002 54.500000000000007 54.500000000000007 1.5000000000000002 45.500000000000007 108.50000000000001 2.4037371358799935 56.166666666666679 1.0000000180025095e-35 45.45000000000001 1.0000000180025095e-35 40.500000000000007 1.2439391713194243 1.5334677419354843 25.166666666666668 40.500000000000007 6.6200000000000019 87.63333333333334 3.4004870129870137 63.100000000000009 2.9666666666666681 79.100000000000009
decision_type=2 10 2 10 2 10 2 10 10 2 2 10 2 2 10 10 2 10 2 2 10 8 10 2 10 10 10 10 10 10
left_child=1 3 11 6 7 -2 12 18 9 23 27 -3 -1 15 20 -6 -16 -12 -4 -13 -15 -14 -23 -5 25 29 -8 -7 -20 -9
right_child=5 2 4 8 13 10 26 24 -10 -11 17 19 21 14 16 -17 -18 -19 28 -21 -22 22 -24 -25 -26 -27 -28 -29 -30 -31
leaf_value=-0.0092692492375601211 -0.021223820909817455 0.020911430561580142 0.032724687427190202 -0.0030114537514980481 0.028848566919166062 -0.01377959365542185 0.022771204172750002 0.050934376388898632 0.035791004348393392 0.033004625316449557 -0.0043171418055069199 0.0027269629475317504 -0.00071964949293625209 0.11364100482194654 0.066732090611396164 0.086921359321144837 0.12878807320908872 0.019427469302014867 0.027009116174744035 0.033101177770526576 0.21813033169507978 0.011817128140940715 0.065954447399895144 0.015111112187943108 0.069187075359375155 0.042159479052879548 0.090202129147946827 0.0016528620678941044 0.051870199678395595 0.077326251101381707
leaf_weight=2491 31341 3148 1577 477 84 7779 768 388 1389 961 1123 190 1978 31 116 308 109 455 246 6349 30 872 53 5193 956 611 30 584 1313 309
leaf_count=2491 31341 3148 1577 477 84 7779 768 388 1389 961 1123 190 1978 31 116 308 109 455 246 6349 30 872 53 5193 956 611 30 584 1313 309
internal_value=1.87709e-10 0.0256 0.0380249 0.0118173 0.0531352 -0.0185895 0.00153122 0.0485028 0.0197589 0.0164007 -0.0102842 0.0285441 -0.0019861 0.0900305 0.111348 0.0744772 0.0967948 0.00252937 0.0402923 0.0322186 0.165029 0.0042634 0.0149191 0.0135865 0.0598757 0.0530702 0.0253062 -0.0127019 0.0479473 0.0626346
internal_weight=71259 29977 15765 14212 6078 41282 6192 5400 8020 6631 9941 9687 5394 678 286 392 225 1578 3136 6539 61 2903 925 5670 2264 1308 798 8363 1559 697
internal_count=71259 29977 15765 14212 6078 41282 6192 5400 8020 6631 9941 9687 5394 678 286 392 225 1578 3136 6539 61 2903 925 5670 2264 1308 798 8363 1559 697
is_linear=0
shrinkage=0.03


Tree=14
num_leaves=31
num_cat=0
split_feature=13 2 14 4 2 14 14 14 14 4 4 7 14 7 14 14 7 14 4 4 11 9 0 8 14 11 9 14 8 7
split_gain=35452.5 5403.19 2157.83 1541.48 950.642 784.429 602.748 570.377 546.023 356.078 320.12 316.021 263.692 247.303 190.157 184.15 181.192 161.812 159.971 158.397 154.452 277.01 257.788 232.667 214.155 209.548 142.709 133.904 133.549 149.054
threshold=1.0000000180025095e-35 2.2668965829291587 60.500000000000007 28.416666666666668 0.27626479332100468 89.500000000000014 53.500000000000007 45.500000000000007 57.500000000000007 81.416666666666671 82.166666666666671 5.5100000000000016 54.500000000000007 0.60000000000000075 74.500000000000014 40.500000000000007 4.990000000000002 45.500000000000007 78.416666666666671 74.833333333333357 2.5308732752360208 0.83333333333333337 5.416666666666667 1.0000000180025095e-35 105.50000000000001 4.9851441631504931 2.5000000000000004 49.500000000000007 1.0000000180025095e-35 4.6300000000000017
decision_type=2 10 2 10 10 2 2 2 2 10 10 10 2 10 2 2 10 2 10 10 10 10 10 2 2 10 10 2 2 10
left_child=1 3 7 8 27 9 10 15 13 28 -5 18 -6 17 -8 -3 -14 -1 -9 -17 21 -7 -23 25 -24 -22 -12 -2 -4 -30
right_child=4 2 5 6 12 20 14 11 -10 -11 26 -13 16 -15 -16 19 -18 -19 -20 -21 23 22 24 -25 -26 -27 -28 -29 29 -31
leaf_value=-0.012610926801474806 -0.020930569973913179 -0.0047218508092132776 0.034734483467253781 0.012416029421798151 -0.010939374574334769 0.19760464126244187 0.031343509424392235 0.027507652804345521 0.02440645581550108 0.06563476705176903 0.027349775986525968 0.048866968782679432 -0.00049350804756572049 0.0065420079874065869 0.060336317524429313 0.011858721872039188 0.032230616129677869 0.00056419165940203647 0.038059621958548569 0.027880651644510882 0.025598360627109924 0.056320641675953416 0.082663024154802159 0.109134445520691 0.18184054861581603 0.093054721785709255 0.0077935078774773797 -0.015740816115732869 0.03735320445692894 0.065380779563134733
leaf_weight=1859 28786 222 715 5331 5804 32 2054 2234 832 1293 2540 1589 1220 2047 226 755 174 1529 3070 2100 86 66 36 156 43 80 387 5298 302 393
leaf_count=1859 28786 222 715 5331 5804 32 2054 2234 832 1293 2540 1589 1220 2047 226 755 174 1529 3070 2100 86 66 36 156 43 80 387 5298 302 393
internal_value=-1.33569e-10 0.024832 0.0392182 0.0135559 -0.0180318 0.0606441 0.0205627 0.0323369 0.00177383 0.0542642 0.0167927 0.0371311 -0.00812532 -0.00169081 0.0342174 0.0215972 0.00359114 -0.00666501 0.0336152 0.0236437 0.0952031 0.117715 0.100084 0.0828286 0.136646 0.0581075 0.0247641 -0.0201239 0.0438372 0.0532019
internal_weight=71259 29977 13172 16805 41282 3202 10538 9970 6267 2703 8258 6893 7198 5435 2280 3077 1394 3388 5304 2855 499 177 145 322 79 166 2927 34084 1410 695
internal_count=71259 29977 13172 16805 41282 3202 10538 9970 6267 2703 8258 6893 7198 5435 2280 3077 1394 3388 5304 2855 499 177 145 322 79 166 2927 34084 1410 695
is_linear=0
shrinkage=0.03


Tree=15
num_leaves=31
num_cat=0
split_feature=13 7 2 14 6 14 4 14 4 14 14 4 14 8 10 14 6 14 14 4 5 11 8 10 5 12 14 8 12 0
split_gain=33357.3 5090.92 2080.74 1601.68 906.679 611.171 505.589 472.826 430.162 426.318 261.857 233.045 230.897 198.22 186.036 184.917 183.932 181.464 176.133 172.109 171.421 167.235 241.545 160.326 159.619 158.858 155.902 142.972 240.242 136.326
threshold=1.0000000180025095e-35 3.6774999999999998 1.1839978978237031 65.500000000000014 1.0000000180025095e-35 108.50000000000001 87.833333333333357 53.500000000000007 10.41666666666667 62.500000000000007 45.500000000000007 77.500000000000014 70.500000000000014 1.0000000180025095e-35 1.8333333333333337 54.500000000000007 10.683333333333335 50.500000000000007 45.500000000000007 40.416666666666679 63.100000000000009 2.4037371358799935 1.0000000180025095e-35 4.666666666666667 45.900000000000006 4.5000000000000009 40.500000000000007 1.0000000180025095e-35 1.5000000000000002 6.5833333333333348
decision_type=2 10 10 2 10 2 10 2 10 2 2 10 2 2 10 2 10 2 2 10 10 10 2 8 10 2 2 2 2 10
left_child=1 2 8 7 15 11 9 26 10 19 -1 -5 20 14 -9 -2 24 -10 -8 -4 -6 -7 -23 -12 -15 27 -3 28 -13 -29
right_child=4 3 6 5 12 21 18 13 17 -11 23 25 -14 16 -16 -17 -18 -19 -20 -21 -22 22 -24 -25 -26 -27 -28 29 -30 -31
leaf_value=-0.012381832694132348 -0.020029456124134606 -0.016302857008927005 0.01000428361270052 0.046562003688698603 -0.010254269550373214 0.15161908328147797 0.02610519690819867 0.029477257893239267 0.006993293302084919 0.039359051262991954 0.00031590733187369615 0.033796689878673035 0.019205446577057528 0.0079982798624162865 0.052413271564233824 -0.011257339971761227 0.11594492417283174 0.020622807565404529 0.038259286753994003 0.020030115047990068 0.0055086927278263963 0.063996814720724757 0.12675529942177585 0.024817612185761645 0.05396982643023588 0.1293410960584879 0.029536155507812859 0.084461025396739622 0.072243220250265514 0.051762401786847753
leaf_weight=1633 32297 68 2151 819 5688 58 2172 937 3820 870 1506 266 282 72 482 2318 41 1142 2121 5434 697 114 107 286 1216 36 3711 434 325 156
leaf_count=1633 32297 68 2151 819 5688 58 2172 937 3820 870 1506 266 282 72 482 2318 41 1142 2121 5434 697 114 107 286 1216 36 3711 434 325 156
internal_value=1.05504e-10 0.024087 0.0160905 0.043201 -0.0174908 0.0646406 0.0237256 0.0355968 0.00448548 0.0194684 -0.00369225 0.0589345 -0.00736025 0.0450656 0.0372681 -0.019442 0.0533912 0.0101301 0.03211 0.0171869 -0.00853355 0.106281 0.0943821 0.00422634 0.0514 0.0672607 0.0287113 0.0653683 0.054939 0.0758153
internal_weight=71259 29977 21135 8842 41282 2315 12748 6527 8387 8455 3425 2036 6667 2748 1419 34615 1329 4962 4293 7585 6385 279 221 1792 1288 1217 3779 1181 591 590
internal_count=71259 29977 21135 8842 41282 2315 12748 6527 8387 8455 3425 2036 6667 2748 1419 34615 1329 4962 4293 7585 6385 279 221 1792 1288 1217 3779 1181 591 590
is_linear=0
shrinkage=0.03


Tree=16
num_leaves=31
num_cat=0
split_feature=13 6 14 4 14 7 14 4 14 5 14 14 1 14 10 11 4 6 11 11 5 10 4 3 12 11 4 1 11 11
split_gain=31385.9 4812.89 2106.96 1074.38 942.646 858.45 490.841 461.487 442.161 417.952 293.967 291.939 255.864 228.468 211.798 211.463 182.436 178.332 170.417 157.95 154.113 172.385 152.103 149.411 140.167 136.009 135.742 147.42 132.753 130.049
threshold=1.0000000180025095e-35 2.366666666666668 74.500000000000014 28.416666666666668 53.500000000000007 0.020000000000000056 57.500000000000007 82.833333333333357 108.50000000000001 89.90000000000002 54.500000000000007 54.500000000000007 3.2250000000000005 45.500000000000007 0.83333333333333337 2.4037371358799935 47.833333333333336 2.9666666666666681 1.2439391713194243 1.5334677419354843 81.450000000000017 1.1666666666666667 25.166666666666668 1.5000000000000002 3.5000000000000004 3.7418827746152235 87.833333333333357 3.7750000000000004 3.0849914630943003 1.7221678625788217
decision_type=2 10 2 10 2 10 2 10 2 10 2 2 10 2 10 10 10 10 10 8 10 10 10 10 2 8 10 10 10 10
left_child=1 3 4 6 12 -2 13 17 20 10 23 -7 14 -1 29 18 -13 -6 -10 -15 21 -4 -21 -5 -23 -8 27 -9 -22 -3
right_child=5 2 8 9 7 11 25 26 15 -11 -12 16 -14 19 -16 -17 -18 -19 -20 22 28 24 -24 -25 -26 -27 -28 -29 -30 -31
leaf_value=-0.0085974276583210968 -0.019402557533699974 0.0011639230371649708 0.033864785686288909 0.0075865856012175591 0.017597341435917076 -0.011517906398207151 0.01793881559498154 0.046399702972453383 0.10208094781925602 0.032915225165853872 0.030160231421251935 -0.0020942376851704179 0.032622905846015841 -0.00099829440784364692 0.024552684369425447 0.088434191102907053 0.024952046983356405 0.037132256607873351 0.20238094115257263 0.011020852897076978 0.088442906651220995 0.054518773456998244 0.063364570326400249 0.017338813957585266 0.094395219645709461 0.052014495352506636 0.047536266413426488 0.077451873894071224 0.057313843003320916 0.021330876365388819
leaf_weight=2491 31341 634 291 2978 504 8363 673 234 31 1389 961 1307 2938 1978 4959 225 271 2541 30 872 257 357 53 2692 102 125 1564 334 237 527
leaf_count=2491 31341 634 291 2978 504 8363 673 234 31 1389 961 1307 2938 1978 4959 225 271 2541 30 872 257 357 53 2692 102 125 1564 334 237 527
internal_value=-2.02813e-10 0.0233644 0.0347777 0.0107039 0.0311821 -0.0169661 0.00131659 0.0413937 0.0682307 0.0179516 0.0148172 -0.00928472 0.0253458 -0.0019322 0.0218523 0.101866 0.00255059 0.0338989 0.151409 0.00378708 0.0604979 0.0519282 0.01402 0.0122167 0.0633802 0.0232765 0.0520981 0.0646593 0.0735085 0.0103181
internal_weight=71259 29977 15765 14212 14235 41282 6192 5177 1530 8020 6631 9941 9058 5394 6120 286 1578 3045 61 2903 1244 750 925 5670 459 798 2132 568 494 1161
internal_count=71259 29977 15765 14212 14235 41282 6192 5177 1530 8020 6631 9941 9058 5394 6120 286 1578 3045 61 2903 1244 750 925 5670 459 798 2132 568 494 1161
is_linear=0
shrinkage=0.03


Tree=17
num_leaves=31
num_cat=0
split_feature=6 6 4 3 14 4 14 14 14 3 3 14 9 4 3 14 14 9 9 5 4 4 7 14 4 14 6 14 8 4
split_gain=28882 3430.35 2513.34 1570.35 1174.44 578.92 511.699 486.058 357.537 305.355 272.855 228.148 227.307 217.096 200.534 197.375 188.851 178.852 152.795 152.116 151.54 183.785 191.769 150.086 149.629 145.852 140.896 140.664 138.217 140.667
threshold=1.0666666666666675 4.8166666666666691 3.416666666666667 1.5000000000000002 84.500000000000014 77.500000000000014 49.500000000000007 55.500000000000007 53.500000000000007 1.5000000000000002 1.0000000180025095e-35 50.500000000000007 1.4166666666666667 82.833333333333357 1.0000000180025095e-35 42.500000000000007 46.500000000000007 1.1666666666666667 inf 89.63333333333334 65.416666666666671 84.833333333333357 7.7800000000000011 74.500000000000014 79.833333333333357 52.500000000000007 10.033333333333337 100.50000000000001 1.0000000180025095e-35 84.833333333333357
decision_type=10 10 8 10 2 10 2 2 2 8 10 2 8 10 10 2 2 10 8 10 10 10 10 2 10 2 10 2 2 10
left_child=2 3 16 5 7 10 14 15 12 -8 -2 -7 19 -9 -4 -3 -1 -13 -18 -5 -6 24 27 -11 -22 -12 -24 -23 -15 -30
right_child=1 4 6 8 20 11 9 13 -10 23 25 17 -14 28 -16 -17 18 -19 -20 -21 21 22 26 -25 -26 -27 -28 -29 29 -31
leaf_value=-0.019291897580908587 -0.00040486713429340143 -0.01291881987175276 -0.010183999648973345 0.02530383813563733 0.054321424424950339 0.019030710138869689 0.0044646914972078936 0.041085289375916191 0.037077039710354573 0.023045473717968702 0.0071639399214778916 0.070151000597166557 0.01841444803563504 0.048570903013772079 0.00068977017805441684 0.033243743951466655 -0.01466270729259536 0.028204394982424469 0.044835339082548248 0.038337132802534798 0.090962349202346152 0.088406326314982242 0.036524888823964985 0.075114533553520824 0.15255303839706932 0.019064361419500287 0.084632494560320154 0.16789590881629424 0.10705723511675994 0.062756713275557319
leaf_weight=26321 3117 86 3451 2774 111 2239 2340 1388 2647 644 2598 146 3318 717 2737 2715 9842 245 39 1136 71 51 87 54 71 1441 148 33 72 620
leaf_count=26321 3117 86 3451 2774 111 2239 2340 1388 2647 644 2598 146 3318 717 2737 2715 9842 245 39 1136 71 51 87 54 71 1441 148 33 72 620
internal_value=-1.45223e-10 0.0253283 -0.014402 0.019204 0.0448439 0.0106871 -0.000424044 0.04066 0.0276441 0.00965927 0.00626351 0.0227231 0.0241897 0.0495063 -0.00537445 0.0318264 -0.0179643 0.0438673 -0.0144279 0.0290905 0.0857899 0.0933669 0.080729 0.0270737 0.121758 0.0114097 0.0668224 0.119634 0.0578017 0.067366
internal_weight=71259 25831 45428 19661 6170 9786 9226 5598 9875 3038 7156 2630 7228 2797 6188 2801 36202 391 9881 3910 572 461 319 698 142 4039 235 84 1409 692
internal_count=71259 25831 45428 19661 6170 9786 9226 5598 9875 3038 7156 2630 7228 2797 6188 2801 36202 391 9881 3910 572 461 319 698 142 4039 235 84 1409 692
is_linear=0
shrinkage=0.03


Tree=18
num_leaves=31
num_cat=0
split_feature=2 7 4 3 14 4 14 14 8 14 14 4 3 14 5 4 2 14 3 2 11 8 11 4 10 8 14 11 2 4
split_gain=27755.3 3316.27 1894.03 1521.34 953.142 667.651 493.92 424.918 273.698 272.799 244.818 235.243 227.02 194.67 184.01 173.889 173.261 169.199 166.916 164.712 154.869 267.974 172.04 143.93 139.286 138.551 138.159 134.031 130.711 127.967
threshold=0.87839111159040584 4.8900000000000015 3.416666666666667 1.5000000000000002 84.500000000000014 76.166666666666671 52.500000000000007 50.500000000000007 1.0000000180025095e-35 54.500000000000007 96.500000000000014 81.833333333333357 1.0000000180025095e-35 62.500000000000007 78.225000000000009 74.833333333333357 0.063295562244226417 50.500000000000007 1.0000000180025095e-35 3.8746182513504928 2.4037371358799935 1.0000000180025095e-35 1.5501004016064259 55.833333333333336 1.8333333333333337 1.0000000180025095e-35 40.500000000000007 4.348349567099568 5.5239036364528928 52.833333333333336
decision_type=10 10 8 10 2 10 2 2 2 2 2 10 10 2 10 10 10 2 8 10 10 2 10 10 8 2 2 10 10 10
left_child=2 3 16 5 7 12 11 -3 23 15 -8 -5 29 -14 -10 26 -1 24 -11 -6 22 27 28 -9 -7 -13 -4 -22 -21 -2
right_child=1 4 9 6 19 17 10 8 14 18 -12 25 13 -15 -16 -17 -18 -19 -20 20 21 -23 -24 -25 -26 -27 -28 -29 -30 -31
leaf_value=-0.018518332479625331 -0.0058034981925582825 0.025509637596686081 -0.015852297343332742 0.016870736279059322 0.054542404978495579 0.014720257078801398 0.034867711758213085 0.013803529009340551 0.043294551849353102 -0.0011068022010059882 0.10609007280150598 0.021847856592541737 0.0074233309098842397 0.026751487757865653 0.0626991233593759 0.015335039599266099 -0.013208305514088652 0.041395261148327964 0.02167357323203481 0.042734353169798844 0.0124541378981973 0.1070093172457483 0.15113249704929499 0.040612116357579789 0.031338352910677596 0.032948960124335916 -0.003440699060912419 0.071374925053940053 0.11504226661100984 0.0081078008415175346
leaf_weight=29117 1834 1257 929 3871 161 1386 3391 202 787 520 44 2094 4074 530 997 397 6827 404 653 36 57 135 65 1673 675 1958 6155 89 60 881
leaf_count=29117 1834 1257 929 3871 161 1386 3391 202 787 520 44 2094 4074 530 997 397 6827 404 653 36 57 135 65 1673 675 1958 6155 89 60 881
internal_value=2.38203e-10 0.0242155 -0.0144762 0.0188097 0.0449241 0.010139 0.0262788 0.0405577 0.0457273 -0.00187647 0.03578 0.0221595 0.00559097 0.00964834 0.0541389 -0.0039856 -0.0175098 0.0236427 0.0115749 0.0805214 0.0899844 0.0765427 0.113445 0.0377239 0.0201629 0.0272121 -0.00506836 0.0483716 0.0879268 -0.00128937
internal_weight=71259 26661 44598 21142 5519 9784 11358 4916 3659 8654 3435 7923 7319 4604 1784 7481 35944 2465 1173 603 442 281 161 1875 2061 4052 7084 146 96 2715
internal_count=71259 26661 44598 21142 5519 9784 11358 4916 3659 8654 3435 7923 7319 4604 1784 7481 35944 2465 1173 603 442 281 161 1875 2061 4052 7084 146 96 2715
is_linear=0
shrinkage=0.03


Tree=19
num_leaves=31
num_cat=0
split_feature=13 2 14 4 7 14 14 14 14 4 1 14 4 7 10 14 14 8 4 11 11 8 11 14 4 4 4 7 1 8
split_gain=26293 4072.2 1623.08 1145.07 705.449 588.566 469.117 453.31 450.254 278.636 258.244 257.315 235.791 192.244 174.465 170.05 165.716 165.396 164.777 145.427 132.464 194.975 186.122 148.183 471.431 163.729 131.749 131.215 127.048 121.662
threshold=1.0000000180025095e-35 2.2668965829291587 60.500000000000007 29.166666666666668 0.020000000000000056 89.500000000000014 45.500000000000007 53.500000000000007 56.500000000000007 81.416666666666671 3.4500000000000006 67.500000000000014 82.166666666666671 0.60000000000000075 1.8333333333333337 74.500000000000014 40.500000000000007 1.0000000180025095e-35 48.416666666666679 4.348349567099568 2.5308732752360208 1.0000000180025095e-35 4.9851441631504931 108.50000000000001 89.833333333333357 68.500000000000014 40.416666666666679 7.3500000000000005 1.3666666666666669 1.0000000180025095e-35
decision_type=2 10 2 10 10 2 2 2 2 10 10 2 10 10 8 2 2 2 10 8 10 2 10 2 10 10 10 10 10 2
left_child=1 3 6 8 -2 9 16 12 13 29 -8 18 -5 -1 -14 -9 -3 -12 -6 -13 23 22 -22 25 -25 -7 -18 -19 -17 -4
right_child=4 2 5 7 11 20 10 15 -10 -11 17 19 14 -15 -16 28 26 27 -20 -21 21 -23 -24 24 -26 -27 -28 -29 -30 -31
leaf_value=-0.0061804491212647198 -0.017737367514423178 -0.0068007575519181589 0.029018311512057336 0.010640571107622235 -0.011128273825757533 0.029625675557181239 0.026623992597524498 0.026911390565101345 0.020805107227060943 0.056988561817870542 0.031732948068854065 0.0073519625022646874 0.01615930874229354 0.0054729452929050638 0.031781130643337187 0.08770530575807664 -0.0021957413642243904 0.041757826895487501 0.001210831802606497 0.065017294003519896 0.017663382915996534 0.09501283153900518 0.081237363912630825 0.2188306791674007 0.057225658932002259 0.10729251309346995 0.021969766196236369 0.066864909758312718 0.038941932994569183 0.046644673810608467
leaf_weight=3366 31341 222 715 5280 8330 36 3553 2030 932 1293 1712 465 1972 2050 955 71 220 1412 1103 43 86 156 80 33 32 76 2635 216 149 695
leaf_count=3366 31341 222 715 5280 8330 36 3553 2030 932 1293 1712 465 1972 2050 955 71 220 1412 1103 43 86 156 80 33 32 76 2635 216 149 695
internal_value=1.77933e-10 0.0213849 0.0338741 0.0115957 -0.0155287 0.0524565 0.0279061 0.0176971 0.00154482 0.0469302 0.032254 -0.00856539 0.0144266 -0.00176954 0.0212563 0.0296265 0.0181662 0.038243 -0.00968546 0.0122331 0.0823916 0.0709318 0.0483014 0.103239 0.139271 0.0823282 0.0201076 0.045089 0.0546792 0.0377065
internal_weight=71259 29977 13172 16805 41282 3202 9970 10457 6348 2703 6893 9941 8207 5416 2927 2250 3077 3340 9433 508 499 322 166 177 65 112 2855 1628 220 1410
internal_count=71259 29977 13172 16805 41282 3202 9970 10457 6348 2703 6893 9941 8207 5416 2927 2250 3077 3340 9433 508 499 322 166 177 65 112 2855 1628 220 1410
is_linear=0
shrinkage=0.03


Tree=20
num_leaves=31
num_cat=0
split_feature=13 7 4 14 7 3 14 14 14 14 4 14 10 5 8 10 14 14 14 5 14 6 11 8 8 12 4 14 5 5
split_gain=24739 3827.07 1804.3 958.782 663.757 627.045 418.318 389.923 337.75 246.337 227.763 222.067 214.46 203.367 199.59 192.971 188.515 185.376 170.81 154.419 133.925 158.988 132.172 214.263 130.46 138.928 207.365 187.599 127.37 169.029
threshold=1.0000000180025095e-35 4.4225000000000003 25.166666666666668 65.500000000000014 0.020000000000000056 1.5000000000000002 108.50000000000001 56.500000000000007 79.500000000000014 54.500000000000007 77.500000000000014 52.500000000000007 1.8333333333333337 89.63333333333334 1.0000000180025095e-35 1.5833333333333337 50.500000000000007 45.500000000000007 62.500000000000007 49.100000000000009 53.500000000000007 10.683333333333335 2.4037371358799935 1.0000000180025095e-35 1.0000000180025095e-35 1.5000000000000002 77.500000000000014 86.500000000000014 78.225000000000009 80.63333333333334
decision_type=2 10 10 2 10 10 2 2 2 2 10 2 8 10 2 10 2 2 2 10 2 10 10 2 2 2 10 2 10 10
left_child=1 2 7 14 -2 10 24 17 11 -6 -4 13 -10 -7 15 -3 -12 -1 -17 -11 -16 -22 -8 -24 25 -5 -27 -28 -26 -30
right_child=4 3 5 6 9 8 22 -9 12 19 16 -13 -14 -15 20 18 -18 -19 -20 -21 21 -23 23 -25 28 26 27 -29 29 -31
leaf_value=-0.0081110438789869961 -0.017205247296732853 0.01860407417289198 0.0092832491584942077 0.031192268668577921 -0.010359797926821799 0.018405081577480571 0.13371839736189159 0.019143833759708982 0.045617967824747953 -0.0028411926671426412 0.017210139662860321 0.031596798737857486 0.12217743171656387 0.029547444734166994 0.032613029858737881 0.032362270154104512 0.040868659063154233 0.0032173714940965832 0.073315799848941876 0.018859270597800955 0.045311705837350488 0.10561335922196143 0.053378026638740451 0.11290166285846914 0.049268189710394018 0.028267466758897655 0.058304624597050922 0.11685325321555137 0.13954215484280738 0.067008826883379807
leaf_weight=2404 31341 1167 4589 388 8363 5309 56 925 110 1185 2263 2673 47 2041 1091 991 350 2831 101 393 978 41 113 105 436 172 275 60 31 430
leaf_count=2404 31341 1167 4589 388 8363 5309 56 925 110 1185 2263 2673 47 2041 1091 991 350 2831 101 393 978 41 113 105 436 172 275 60 31 430
internal_value=-1.86926e-10 0.0207434 0.0151392 0.0412459 -0.0150628 0.0200834 0.0580855 0.0011879 0.024876 -0.00830843 0.013309 0.0241921 0.068537 0.0214992 0.0332828 0.0270858 0.0203791 -0.00198483 0.0361501 0.0025633 0.0399174 0.047738 0.0926081 0.0820477 0.052807 0.0447034 0.0550433 0.0687909 0.0608925 0.0718863
internal_weight=71259 29977 23542 6435 41282 17382 2066 6160 10180 9941 7202 10023 157 7350 4369 2259 2613 5235 1092 1578 2110 1019 274 218 1792 895 507 335 897 461
internal_count=71259 29977 23542 6435 41282 17382 2066 6160 10180 9941 7202 10023 157 7350 4369 2259 2613 5235 1092 1578 2110 1019 274 218 1792 895 507 335 897 461
is_linear=0
shrinkage=0.03


Tree=21
num_leaves=31
num_cat=0
split_feature=13 6 14 4 14 6 4 14 4 14 14 14 3 14 11 8 3 14 3 6 8 11 0 9 4 1 4 4 11 6
split_gain=23277 3628.45 1594.92 819.769 697.936 629.372 420.956 411.678 370.431 332.909 213.268 208.294 194.113 177.171 172.755 174.486 162.918 159.477 155.946 153.241 177.963 146.91 134.929 146.044 124.787 129.824 117.542 116.739 129.231 163.473
threshold=1.0000000180025095e-35 2.366666666666668 74.500000000000014 10.41666666666667 53.500000000000007 1.0000000180025095e-35 77.166666666666671 61.500000000000007 82.833333333333357 108.50000000000001 56.500000000000007 40.500000000000007 1.5000000000000002 70.500000000000014 2.4037371358799935 1.0000000180025095e-35 1.5000000000000002 54.500000000000007 5.5000000000000009 2.9666666666666681 1.0000000180025095e-35 1.2439391713194243 3.8333333333333335 1.1666666666666667 87.833333333333357 3.7750000000000004 47.833333333333336 75.833333333333357 2.3341139734582361 4.8166666666666691
decision_type=2 10 2 10 2 10 10 2 10 2 2 2 10 2 10 2 10 2 10 10 2 10 10 8 10 10 10 10 10 10
left_child=1 3 4 10 11 17 7 16 19 27 -1 -3 -13 26 21 -16 -5 -2 -9 -6 -21 -11 23 -8 25 -10 -7 -4 29 -29
right_child=5 2 9 6 8 13 22 18 24 14 -12 12 -14 -15 15 -17 -18 -19 -20 20 -22 -23 -24 -25 -26 -27 -28 28 -30 -31
leaf_value=-0.0057365172776312062 -0.016782120702116984 -0.00077744599590953603 0.041582743202282398 0.0045543444940733162 0.013863225882495974 -0.0091030954983792687 0.030468571199733639 0.02996324840618643 0.040188087690550718 0.087301888571631528 0.016868706491063621 0.016372681643302849 0.025918709515435866 0.017100078379537195 0.050572572871079219 0.10343537542524688 0.013873710845193678 -0.0086357344640700141 0.097986319275805728 0.0241963798762528 0.040078494899159059 0.18042773497104644 0.038404842427544009 0.01446087352137259 0.040905866914278707 0.069328283553519193 0.0015000486219222248 0.020926602276042101 0.048615538655699883 0.08245458665450936
leaf_weight=3233 32297 351 520 4658 504 5238 833 582 234 31 425 2850 5857 282 116 109 2648 2318 32 1297 1244 30 466 1335 1564 334 1147 45 394 285
leaf_count=3233 32297 351 520 4658 504 5238 833 582 234 31 425 2850 5857 282 116 109 2648 2318 32 1297 1244 30 466 1335 1564 334 1147 45 394 285
internal_value=2.67392e-10 0.0201211 0.0300309 0.00912828 0.0269026 -0.0146109 0.0133701 0.00991489 0.0356894 0.0591365 -0.00311016 0.0218807 0.0227941 -0.00617058 0.0883219 0.0761817 0.00793207 -0.0162366 0.0335084 0.0289745 0.0319718 0.133101 0.0237594 0.0206114 0.0452798 0.0573233 -0.00719835 0.0524267 0.0602152 0.0740644
internal_weight=71259 29977 15765 14212 14235 41282 10554 7920 5177 1530 3658 9058 8707 6667 286 225 7306 34615 614 3045 2541 61 2634 2168 2132 568 6385 1244 724 330
internal_count=71259 29977 15765 14212 14235 41282 10554 7920 5177 1530 3658 9058 8707 6667 286 225 7306 34615 614 3045 2541 61 2634 2168 2132 568 6385 1244 724 330
is_linear=0
shrinkage=0.03


Tree=22
num_leaves=31
num_cat=0
split_feature=13 2 14 4 2 14 14 14 14 1 4 4 4 7 10 4 14 14 14 14 14 1 4 14 14 10 4 7 10 11
split_gain=21901.3 3429.68 1355.45 951.908 605.052 515.109 400.956 389.785 378.493 246.544 217.536 213.561 202.646 171.001 163.276 153.63 160.665 149.7 148.579 141.877 123.154 120.828 119.995 115.158 113.778 110.928 101.79 176.635 126.962 130.289
threshold=1.0000000180025095e-35 2.2668965829291587 59.500000000000007 29.166666666666668 0.16113880288719631 86.500000000000014 45.500000000000007 53.500000000000007 56.500000000000007 3.4500000000000006 81.166666666666671 50.416666666666679 82.166666666666671 0.60000000000000075 1.8333333333333337 58.166666666666679 99.500000000000014 40.500000000000007 74.500000000000014 70.500000000000014 46.500000000000007 1.3666666666666669 74.833333333333357 40.500000000000007 45.500000000000007 inf 88.833333333333357 11.230000000000002 0.83333333333333337 3.0011337868480727
decision_type=2 10 2 10 10 2 2 2 2 10 10 10 10 10 8 10 2 2 2 2 2 10 10 2 2 8 10 10 10 10
left_child=1 3 6 8 25 10 17 12 13 -8 -4 20 23 24 -14 16 -7 -3 -9 -13 -6 -20 -19 -5 -1 -2 27 28 -17 -30
right_child=4 2 5 7 11 15 9 18 -10 -11 -12 19 14 -15 -16 26 -18 22 21 -21 -22 -23 -24 -25 -26 -27 -28 -29 29 -31
leaf_value=-0.010774435928622294 -0.016219416270330085 -0.0074102390225271918 0.034018004003804843 -0.0052878646314558058 -0.012856655105472761 -0.0085769338275377555 0.023842273955307629 0.024620740177846462 0.019028508800127877 0.035381387482769124 0.050568353443917392 0.0019481613475329361 0.014464614394551349 0.0051614822498568134 0.029577188437692428 0.038305795071076371 0.082122203330509361 0.0079074402850054567 0.082783981719854433 0.043441185504198072 -0.0055269441191014646 0.035229114906693615 0.021852560949621586 0.010876650743227967 0.00032258333593606947 0.022422709006315735 0.064577392807669901 0.14552131530707296 0.11763248242274091 0.065150748526677488
leaf_weight=1866 31862 222 1468 432 4041 39 3454 2030 932 3220 1393 1017 1972 2050 955 49 32 755 71 80 4215 149 2100 4848 1500 67 223 46 91 80
leaf_count=1866 31862 222 1468 432 4041 39 3454 2030 932 3220 1393 1017 1972 2050 955 49 32 755 71 80 4215 149 2100 4848 1500 67 223 46 91 80
internal_value=1.61489e-10 0.0195174 0.0309791 0.0105336 -0.0141726 0.0472265 0.0252789 0.0160967 0.00136963 0.0294095 0.0420762 -0.00746212 0.013064 -0.00166916 0.0193954 0.0735388 0.0323016 0.0163196 0.0271586 0.00497409 -0.00911456 0.0505764 0.0181648 0.0095541 -0.00582924 -0.0161383 0.0795263 0.0920586 0.08088 0.0930796
internal_weight=71259 29977 13172 16805 41282 3421 9751 10457 6348 6674 2861 9353 8207 5416 2927 560 71 3077 2250 1097 8256 220 2855 5280 3366 31929 489 266 220 171
internal_count=71259 29977 13172 16805 41282 3421 9751 10457 6348 6674 2861 9353 8207 5416 2927 560 71 3077 2250 1097 8256 220 2855 5280 3366 31929 489 266 220 171
is_linear=0
shrinkage=0.03


Tree=23
num_leaves=31
num_cat=0
split_feature=13 6 14 4 7 7 4 14 14 8 14 14 4 14 3 11 8 3 10 11 11 8 3 10 0 6 11 1 8 12
split_gain=20606.9 3232.7 1419.28 729.688 630.747 564.486 377.379 356.081 299.945 265.17 246.941 219.447 215.064 188.202 162.275 160.826 164.314 153.369 136.852 139.08 136.793 128.152 128.053 127.6 118.184 115.217 113.049 112.757 111.789 226.228
threshold=1.0000000180025095e-35 2.366666666666668 74.500000000000014 10.41666666666667 5.5100000000000016 0.020000000000000056 89.833333333333357 61.500000000000007 108.50000000000001 1.0000000180025095e-35 50.500000000000007 46.500000000000007 50.416666666666679 56.500000000000007 1.5000000000000002 2.4037371358799935 1.0000000180025095e-35 1.5000000000000002 2.166666666666667 1.949589457776238 1.2439391713194243 1.0000000180025095e-35 5.5000000000000009 1.4166666666666667 3.8333333333333335 2.1333333333333351 0.54410884353741518 6.9000000000000012 1.0000000180025095e-35 1.5000000000000002
decision_type=2 10 2 10 10 10 10 2 2 2 2 2 10 2 10 10 2 10 10 10 10 2 10 8 10 10 10 10 2 2
left_child=1 3 4 13 9 -2 7 14 28 17 -6 -7 -13 -1 -5 20 -17 -3 19 -11 -10 26 -9 -19 25 -8 -12 -28 29 -4
right_child=5 2 8 6 10 11 24 22 15 18 21 12 -14 -15 -16 16 -18 23 -20 -21 -22 -23 -24 -25 -26 -27 27 -29 -30 -31
leaf_value=-0.0054577257042467539 -0.015723161506757635 0.010219148611763399 0.019405185112202503 0.0048603095639787302 0.022596709454790552 -0.011936139016063533 0.025884133092267309 0.028433650281935115 0.082456246609649342 0.02002205500359525 0.073359122906250004 -0.0053223277349799371 0.014054357708503421 0.015777527497182874 0.01360771265665996 0.046879720687143633 0.098178559355095979 0.015347504557037059 0.036585990548236892 0.030494424379120009 0.17231826324015856 0.050391223677647305 0.089133072231303553 0.026257448746165975 0.039498171480181414 0.0067213625299714971 0.030289411395814675 0.063307543456265075 0.058541347878420205 0.055738290505487537
leaf_weight=3233 31341 1774 265 4954 723 5015 1091 600 31 2662 68 4341 585 425 3105 116 109 1904 1032 1998 30 1048 33 1956 390 381 967 103 610 369
leaf_count=3233 31341 1774 265 4954 723 5015 1091 600 31 2662 68 4341 585 425 3105 116 109 1904 1032 1998 30 1048 33 1956 390 381 967 103 610 369
internal_value=-2.46393e-10 0.0189319 0.0282858 0.00855593 0.0253347 -0.0137474 0.0125579 0.00993229 0.055742 0.0221343 0.0377952 -0.00751858 -0.0030212 -0.00299054 0.00823054 0.0834448 0.0717312 0.0175204 0.0267012 0.0245121 0.126651 0.042822 0.0315981 0.020876 0.0248146 0.0209242 0.0358515 0.0334678 0.049373 0.0405517
internal_weight=71259 29977 15765 14212 14235 41282 10554 8692 1530 11326 2909 9941 4926 3658 8059 286 225 5634 5692 4660 61 2186 633 3860 1862 1472 1138 1070 1244 634
internal_count=71259 29977 15765 14212 14235 41282 10554 8692 1530 11326 2909 9941 4926 3658 8059 286 225 5634 5692 4660 61 2186 633 3860 1862 1472 1138 1070 1244 634
is_linear=0
shrinkage=0.03


Tree=24
num_leaves=31
num_cat=0
split_feature=2 6 4 14 3 4 14 14 4 14 14 7 3 5 14 5 5 11 7 14 1 14 5 11 0 2 5 14 5 14
split_gain=19420.1 2057.16 1912.7 811.951 732.348 346.035 303.091 255.409 263.15 237.151 225.922 210.051 196.523 185.24 177.474 172.446 235.278 165.385 162.946 150.571 147.46 144.684 134.682 137.434 189.569 128.343 115.433 111.726 110.934 110.508
threshold=1.0639242139943768 4.8166666666666691 3.416666666666667 70.500000000000014 1.5000000000000002 77.500000000000014 53.500000000000007 49.500000000000007 74.166666666666671 100.50000000000001 42.500000000000007 7.7800000000000011 1.0000000180025095e-35 89.63333333333334 50.500000000000007 88.675000000000011 77.90000000000002 3.0495614035087724 7 46.500000000000007 7.5500000000000007 45.500000000000007 78.63333333333334 3.0011337868480727 3.8333333333333335 3.6000000210585568 85.90000000000002 40.500000000000007 87.450000000000017 74.500000000000014
decision_type=10 10 8 2 10 10 2 2 10 2 2 10 8 10 2 10 10 10 10 2 10 2 10 10 10 10 10 2 10 2
left_child=2 4 19 10 5 21 13 8 27 22 -3 17 -9 -6 -7 16 -13 -11 -12 -1 -20 -2 25 24 28 -5 -22 -4 -24 -8
right_child=1 3 7 9 6 14 29 12 -10 11 18 15 -14 -15 -16 -17 -18 -19 20 -21 26 -23 23 -25 -26 -27 -28 -29 -30 -31
leaf_value=-0.015765953508673235 -0.0017889686915295807 -0.018273477014154195 -0.014144046886371999 0.022829160653366452 0.015916655555282388 0.016021998837365561 0.028265323296580075 -0.0017243531037554128 0.015646039348707272 0.17221563100814818 0.028135264145774119 0.034416186150296457 0.012775475746151479 0.026265750282751094 0.038923631485675916 0.026389994396738808 0.11257097727583291 0.085685656295344234 0.03765830286581389 -0.011412921209422115 0.099480178421363238 0.0088574092797776682 0.16042656467854977 0.045858659794937598 0.060605493823224013 0.050615378037560728 0.039049415785074232 -0.0034120640904696186 0.085950432841976482 0.047221476760851845
leaf_weight=26289 1619 84 1028 239 5539 1766 2452 1475 603 33 3389 56 1958 2165 368 73 91 50 978 9824 66 3956 30 306 223 400 50 5792 45 312
leaf_count=26289 1619 84 1028 239 5539 1766 2452 1475 603 33 3389 56 1958 2165 368 73 91 50 978 9824 66 3956 30 306 223 400 50 5792 45 312
internal_value=-1.56334e-10 0.0217781 -0.0112625 0.0368329 0.0167151 0.00969806 0.0218826 -0.000220821 -0.00335015 0.0556247 0.0304715 0.0794229 0.00654558 0.018825 0.0199713 0.0640806 0.0827977 0.120089 0.0313849 -0.0145818 0.0414515 0.00576566 0.0498235 0.0599807 0.0744819 0.0402227 0.0734324 -0.00502973 0.115741 0.0304051
internal_weight=71259 24290 46969 6113 18177 7709 10468 10856 7423 1546 4567 303 3433 7704 2134 220 147 83 4483 36113 1094 5575 1243 604 298 639 116 6820 75 2764
internal_count=71259 24290 46969 6113 18177 7709 10468 10856 7423 1546 4567 303 3433 7704 2134 220 147 83 4483 36113 1094 5575 1243 604 298 639 116 6820 75 2764
is_linear=0
shrinkage=0.03


Tree=25
num_leaves=31
num_cat=0
split_feature=2 6 4 3 14 4 14 9 14 9 14 14 14 7 10 5 5 10 14 7 5 5 1 3 1 14 9 14 3 5
split_gain=18281.7 2308.15 1122.62 986.358 768.784 447.981 314.944 238.601 223.102 222.063 211.065 207.798 159.278 155.831 161.219 152.216 149.382 148.729 148.243 143.804 207.931 176.541 161.541 140.042 139.531 131.791 119.986 116.49 110.407 108.611
threshold=0.84109373946491428 4.8166666666666691 3.416666666666667 1.5000000000000002 70.500000000000014 57.833333333333336 53.500000000000007 1.1666666666666667 108.50000000000001 1.4166666666666667 42.500000000000007 54.500000000000007 45.500000000000007 7 1.8333333333333337 89.63333333333334 49.900000000000006 2.166666666666667 41.500000000000007 7.7800000000000011 88.675000000000011 77.90000000000002 4.5500000000000007 1.0000000180025095e-35 7.5500000000000007 46.500000000000007 inf 40.500000000000007 1.5000000000000002 85.90000000000002
decision_type=10 10 8 10 2 10 2 10 2 8 2 2 2 10 10 10 10 10 2 10 10 10 10 8 10 2 8 2 10 10
left_child=2 3 25 5 10 12 9 18 16 15 -3 27 -2 14 28 -5 -6 -18 -7 22 21 -21 -10 -13 -15 -1 -27 -4 -12 -26
right_child=1 4 11 6 8 7 -8 -9 19 -11 13 23 -14 24 -16 -17 17 -19 -20 20 -22 -23 -24 -25 29 26 -28 -29 -30 -31
leaf_value=-0.015309740612275167 -0.0053170322791022667 -0.017725272551178933 -0.013485031830340694 0.019122282314623144 0.019285507651327326 -0.0087007081980067028 0.029647624342656536 0.0099048898538085101 0.071482854895293713 0.012467510486855314 0.0096880037813995793 -0.0017092173308327157 0.005670195021766378 0.036432314453412516 0.036459426233126972 0.031829315205958227 0.046596726382216035 0.072997321315857844 0.026932107734172699 0.041560642470907294 0.025598295084009431 0.1167142930569557 0.16266742887194544 0.019803418587587895 0.096495774760842312 -0.011427300007976142 0.041985479216826584 -0.0022820563369609745 0.025925014016220594 0.037877934497594828
leaf_weight=26183 1652 84 966 3144 139 113 2804 2757 36 3616 475 492 4223 979 1118 1162 902 244 1499 44 73 78 34 610 66 9677 38 6176 1825 50
leaf_count=26183 1652 84 966 3144 139 113 2804 2757 36 3616 475 492 4223 979 1118 1162 902 244 1499 44 73 78 34 610 66 9677 38 6176 1825 50
internal_value=-6.02776e-11 0.0193872 -0.0119098 0.0146484 0.0355531 0.00799076 0.021007 0.0152657 0.0538241 0.0179486 0.0293925 -0.00192642 0.00258068 0.0302695 0.0271143 0.0225514 0.0486555 0.0522178 0.0244343 0.0788873 0.0656465 0.0896097 0.115773 0.0101989 0.0401186 -0.0142025 -0.0112184 -0.00379733 0.0225717 0.0712295
internal_weight=71259 27117 44142 20970 6147 10244 10726 4369 1550 7922 4597 8244 5875 4513 3418 4306 1285 1146 1612 265 195 122 70 1102 1095 35898 9715 7142 2300 116
internal_count=71259 27117 44142 20970 6147 10244 10726 4369 1550 7922 4597 8244 5875 4513 3418 4306 1285 1146 1612 265 195 122 70 1102 1095 35898 9715 7142 2300 116
is_linear=0
shrinkage=0.03


Tree=26
num_leaves=31
num_cat=0
split_feature=13 7 4 2 3 7 8 9 9 4 9 4 7 4 8 2 4 12 6 2 3 5 2 9 9 8 6 5 7 5
split_gain=17316.5 2716.11 1280 466.841 443.565 370.997 262.517 236.33 210.646 185.001 181.514 197.538 169.78 167.751 153.32 129.507 339.376 126.819 112.417 103.229 165.518 102.423 100.023 99.4528 99.2243 94.7885 94.1186 92.9946 85.2468 82.6967
threshold=1.0000000180025095e-35 4.4225000000000003 25.166666666666668 0.16113880288719631 1.5000000000000002 5.8500000000000023 1.0000000180025095e-35 1.4166666666666667 1.8333333333333337 6.166666666666667 2.8333333333333335 89.833333333333357 11.230000000000002 50.416666666666679 1.0000000180025095e-35 5.7018627102597748 75.166666666666671 4.5000000000000009 3.7333333333333352 6.7811508394516018 15.500000000000002 86.63333333333334 5.3740829993469843 inf 3.8333333333333335 1.0000000180025095e-35 7.6583333333333323 89.100000000000009 0.48000000000000009 87.90000000000002
decision_type=2 10 10 10 10 10 2 8 10 10 10 10 10 10 2 10 10 2 10 10 10 10 10 8 8 2 10 10 10 10
left_child=1 2 9 23 10 7 17 15 14 24 11 -4 -8 -5 18 -3 -17 19 -6 -7 -21 -14 -10 -2 -1 -9 -15 29 -11 -16
right_child=3 5 4 13 8 6 12 25 22 28 -12 -13 21 26 27 16 -18 -19 -20 20 -22 -23 -24 -25 -26 -27 -28 -29 -30 -31
leaf_value=-0.0082577066473324984 -0.014405613750311477 0.032222221893023074 0.0093454395394846745 -0.0081722588584998875 0.016548771188342849 0.028368037350527162 0.047457610963724722 0.0099802542344451482 0.013107948880556899 -0.0011165855137542601 -0.0061519425481229139 0.021069945912953299 0.12143994216124215 0.0028408147388470865 0.026527351865873062 0.12920932646273919 0.029409726279099348 0.077371566574040207 0.028822867730202765 0.055176817366348885 -0.0079229814091394107 0.059895647103472102 0.03527958604156111 0.022183207901013986 0.0056528562373730148 0.02550570234264668 0.056719818800687785 0.037268179702712539 0.0087392134233797315 -0.0054562536468729375
leaf_weight=2045 31862 1407 4940 8256 2775 1414 1573 687 3007 1197 510 1752 45 1067 2433 46 92 57 886 288 43 53 195 67 596 730 30 809 2322 75
leaf_count=2045 31862 1407 4940 8256 2775 1414 1573 687 3007 1197 510 1752 45 1067 2433 46 92 57 886 288 43 53 195 67 596 730 30 809 2322 75
internal_value=9.10783e-11 0.0173547 0.0126335 -0.0126022 0.0167979 0.034627 0.0412793 0.026827 0.0208288 0.000882791 0.0111002 0.012415 0.0498445 -0.00670773 0.023752 0.0349424 0.0626763 0.0333367 0.0195192 0.0318984 0.0469796 0.0881558 0.0144582 -0.0143288 -0.00511848 0.0179785 0.00431426 0.0284238 0.00538673 0.0255709
internal_weight=71259 29977 23542 41282 17382 6435 3473 2962 10180 6160 7202 6692 1671 9353 6978 1545 138 1802 3661 1745 331 98 3202 31929 2641 1417 1097 3317 3519 2508
internal_count=71259 29977 23542 41282 17382 6435 3473 2962 10180 6160 7202 6692 1671 9353 6978 1545 138 1802 3661 1745 331 98 3202 31929 2641 1417 1097 3317 3519 2508
is_linear=0
shrinkage=0.03


Tree=27
num_leaves=31
num_cat=0
split_feature=13 6 14 5 14 2 14 7 5 10 14 14 5 7 11 9 1 10 9 12 11 14 5 9 9 7 5 2 14 2
split_gain=16293.1 2574.41 1168 590.15 555.385 439.25 421.486 272.71 264.396 198.2 173.36 157.022 160.462 157.002 148.339 148.31 146.502 284.847 157.849 139.598 130.893 125.196 121.937 119.146 116.562 132.295 132.063 112.132 118.49 110.423
threshold=1.0000000180025095e-35 2.366666666666668 53.500000000000007 71.90000000000002 84.500000000000014 0.16113880288719631 61.500000000000007 5.8500000000000023 13.225000000000001 0.83333333333333337 67.500000000000014 40.500000000000007 29.500000000000004 1.6600000000000006 2.2944272445820437 1.8333333333333337 5.1000000000000005 1.8333333333333337 1.1666666666666667 3.5000000000000004 4.348349567099568 94.500000000000014 63.100000000000009 1.1666666666666667 1.5833333333333337 4.5900000000000016 70.90000000000002 4.8412387910371475 43.500000000000007 1.875526244199188
decision_type=2 10 2 10 2 10 2 10 10 10 2 2 10 10 10 10 10 10 10 2 10 2 10 10 10 10 10 10 2 10
left_child=1 3 9 6 7 -2 8 24 -1 14 22 -11 -13 -5 -3 -16 17 -6 -19 -18 -12 -8 -7 -10 25 26 -4 28 -15 -26
right_child=5 2 4 13 16 10 21 -9 23 11 20 12 -14 27 15 -17 19 18 -20 -21 -22 -23 -24 -25 29 -27 -28 -29 -30 -31
leaf_value=-0.0035783263832666595 -0.013898970625815431 0.0031666762606918186 0.020568248559561526 0.033181618555243542 0.028843807240160935 -0.0085120587313230345 0.022458720705915959 0.040272331629591034 0.011559676850234414 -0.0014540413374963558 0.0058320559244610286 0.0024402230597258385 0.022366526819147123 -0.004030354013844958 0.034110392700346388 0.0041133617994722066 0.064049793679500852 0.13571383499074727 0.056770366818275089 0.11029672105312348 0.06049597663588302 0.082058930377560582 0.004710776606215137 0.0032916496130011145 0.0066054295623677551 0.043190939338918731 0.040043785926582212 0.042993532697535079 0.017068953203842892 0.025138013750222676
leaf_weight=3739 31929 1202 983 607 239 8156 818 2174 2503 285 474 385 6579 274 349 258 271 40 53 75 43 33 680 4202 364 637 460 131 1905 1411
leaf_count=3739 31929 1202 983 607 239 8156 818 2174 2503 285 474 385 6579 274 349 258 271 40 53 75 43 33 680 4202 364 637 460 131 1905 1411
internal_value=4.88065e-11 0.0168341 0.0251814 0.00757463 0.034671 -0.0122241 0.00446792 0.031776 0.00281367 0.0181548 -0.0065065 0.0203717 0.0212649 0.0196042 0.00927149 0.0213604 0.0604142 0.0461779 0.0907245 0.0740744 0.0103786 0.0247699 -0.00749446 0.00637813 0.0269846 0.0318035 0.0267767 0.0160364 0.0144158 0.0213375
internal_weight=71259 29977 15765 14212 6707 41282 11295 6029 10444 9058 9353 7249 6964 2917 1809 607 678 332 93 346 517 851 8836 6705 3855 2080 1443 2310 2179 1775
internal_count=71259 29977 15765 14212 6707 41282 11295 6029 10444 9058 9353 7249 6964 2917 1809 607 678 332 93 346 517 851 8836 6705 3855 2080 1443 2310 2179 1775
is_linear=0
shrinkage=0.03


Tree=28
num_leaves=31
num_cat=0
split_feature=2 14 4 4 6 14 14 14 4 8 14 4 6 9 8 6 14 10 11 8 9 1 14 7 2 5 4 5 8 10
split_gain=15284.3 1625.83 1494.7 742.477 700.353 401.52 262.38 224.735 218.757 199.568 196.676 186.945 161.778 157.559 150.122 170.684 131.409 124.881 123.669 118.154 122.212 112.998 108.805 106.009 221.022 154.119 136.234 270.406 124.146 105.916
threshold=1.0639242139943768 54.500000000000007 3.416666666666667 74.833333333333357 4.9333333333333353 84.500000000000014 40.500000000000007 49.500000000000007 74.166666666666671 1.0000000180025095e-35 119.50000000000001 81.833333333333357 1.6666666666666676 3.166666666666667 1.0000000180025095e-35 11.216666666666669 54.500000000000007 0.83333333333333337 3.0849914630943003 1.0000000180025095e-35 1.8333333333333337 3.1000000000000005 66.500000000000014 7.660000000000001 4.3527809882586217 86.26666666666668 88.833333333333357 72.100000000000009 1.0000000180025095e-35 1.8333333333333337
decision_type=10 2 8 10 10 2 2 2 10 2 2 10 10 10 2 10 2 8 10 2 10 10 2 10 10 10 10 10 2 10
left_child=2 3 16 12 10 14 -5 8 -4 13 11 19 -2 17 -6 -16 -1 -8 -19 -3 -21 29 -17 25 -25 -7 27 -26 -28 -11
right_child=1 4 7 6 5 23 9 -9 -10 21 -12 -13 -14 -15 15 22 -18 18 -20 20 -22 -23 -24 24 26 -27 28 -29 -30 -31
leaf_value=-0.013411439427582935 0.0018442924990682986 0.012632177823896463 -0.0046974218010428634 -0.007433494511553832 0.029455938381319838 0.066813443531408098 0.0067913995509734371 0.0061164364115592904 0.01415388453019718 0.017375921132026462 0.090262707967899342 0.034029277260989359 0.010701868330935772 -0.012784288829192518 0.040192384975535345 0.12920014577824621 -0.0061822661575772981 0.017067138932389262 0.031237075719916706 0.029815942472181528 0.012914628614679435 0.031522274856357585 0.059784805759998214 0.002982317478883834 0.024154692365198717 0.13021370299657187 0.018747470994928368 0.10820596884229573 0.074898240303709396 0.031090931034722824
leaf_weight=33687 3022 1614 6820 302 1543 148 780 3433 603 1689 38 876 4809 160 1385 30 2426 2541 709 1112 589 1739 63 63 49 45 81 116 63 724
leaf_count=33687 3022 1614 6820 302 1543 148 780 3433 603 1689 38 876 4809 160 1385 30 2426 2541 709 1112 589 1739 63 63 49 45 81 116 63 724
internal_value=-3.12353e-12 0.0193204 -0.00999155 0.0139748 0.0305896 0.0403424 0.0200366 -0.000230646 -0.00316605 0.0210311 0.0223197 0.0217037 0.00728371 0.0164121 0.0360011 0.0428342 -0.0129258 0.0175712 0.0201584 0.0184466 0.0239636 0.0256924 0.0821769 0.0635549 0.0541949 0.0815959 0.0646363 0.0832453 0.0433134 0.021491
internal_weight=71259 24290 46969 16475 7815 3586 8644 10856 7423 8342 4229 4191 7831 4190 3021 1478 36113 4030 3250 3315 1701 4152 93 565 372 193 309 165 144 2413
internal_count=71259 24290 46969 16475 7815 3586 8644 10856 7423 8342 4229 4191 7831 4190 3021 1478 36113 4030 3250 3315 1701 4152 93 565 372 193 309 165 144 2413
is_linear=0
shrinkage=0.03


Tree=29
num_leaves=31
num_cat=0
split_feature=13 3 14 5 1 6 14 8 14 9 9 14 4 10 12 12 9 9 6 14 14 3 14 14 9 6 9 14 8 5
split_gain=14517.9 2302.44 1286.79 630.861 381.573 366.532 330.513 262.053 255.148 205.641 187.788 183.43 195.876 171.306 162.479 160.379 241.646 156.408 144.983 134.028 128.594 128.53 126.585 118.173 118.062 111.673 110.89 110.518 104.738 106.536
threshold=1.0000000180025095e-35 1.5000000000000002 62.500000000000007 40.100000000000009 3.3666666666666667 1.0000000180025095e-35 86.500000000000014 1.0000000180025095e-35 54.500000000000007 1.1666666666666667 1.4166666666666667 50.500000000000007 86.166666666666671 2.166666666666667 3.5000000000000004 3.5000000000000004 1.1666666666666667 1.5833333333333337 2.9666666666666681 46.500000000000007 70.500000000000014 4.5000000000000009 54.500000000000007 40.500000000000007 2.8333333333333335 1.1666666666666681 3.166666666666667 40.500000000000007 1.0000000180025095e-35 86.26666666666668
decision_type=2 10 2 10 10 10 2 2 2 8 8 2 10 10 2 2 10 10 10 2 2 10 2 2 10 10 10 2 2 10
left_child=1 3 4 8 10 22 9 26 27 -4 13 23 -13 -3 25 -8 -17 -14 -15 -12 -7 -18 -2 -5 28 -9 -6 -1 -25 -30
right_child=5 2 6 11 7 20 15 14 -10 -11 19 12 17 18 -16 16 21 -19 -20 -21 -22 -23 -24 24 -26 -27 -28 -29 29 -31
leaf_value=-0.014536074809395044 -0.013265588037081631 0.016631936151239833 0.047523606747714359 -0.0062735817012596062 0.020817556938559554 -0.005973424910398214 0.053182297201004133 -0.0088095459790731006 0.012203200751404271 0.029695531169864044 0.0039223036799081743 0.015985459827109531 0.054913749651721681 0.02043978988824809 0.01740974080978868 0.14296784044504166 0.017869613436428278 0.02097860578215692 0.041759226996009778 0.015350706750809977 0.014727615773122994 0.093348164315025017 -0.006007749923879346 0.0079068094745273695 -0.0055267955901938566 0.039608473378021099 -0.017808050631504993 -0.00048354278688453751 0.012922238390071183 0.027109886002949488
leaf_weight=556 32297 3463 947 353 2191 6385 430 44 1459 1512 1478 1544 242 644 413 50 37 247 518 2462 282 45 2318 1797 327 1673 69 5354 1400 722
leaf_count=556 32297 3463 947 353 2191 6385 430 44 1459 1512 1478 1544 242 644 413 50 37 247 518 2462 282 45 2318 1797 327 1673 69 5354 1400 722
internal_value=1.90113e-10 0.0158906 0.0236739 0.00700929 0.0195625 -0.011539 0.0413052 0.026754 0.000968045 0.0365614 0.0158764 0.0137219 0.021226 0.0199764 0.034304 0.0620616 0.0909866 0.0377727 0.0299436 0.0110636 -0.00509781 0.0592908 -0.0127796 0.0104047 0.0117913 0.0383677 0.0196383 -0.00180557 0.0132363 0.0177495
internal_weight=71259 29977 15976 14001 12955 41282 3021 4390 7369 2459 8565 6632 2033 4625 2130 562 132 489 1162 3940 6667 82 34615 4599 4246 1717 2260 5910 3919 2122
internal_count=71259 29977 15976 14001 12955 41282 3021 4390 7369 2459 8565 6632 2033 4625 2130 562 132 489 1162 3940 6667 82 34615 4599 4246 1717 2260 5910 3919 2122
is_linear=0
shrinkage=0.03


Tree=30
num_leaves=31
num_cat=0
split_feature=13 3 14 5 7 1 14 8 14 14 4 14 6 12 12 7 4 7 0 2 14 14 8 2 5 5 4 8 6 8
split_gain=13659.9 2166.37 1210.74 593.577 364.894 359.022 310.98 246.566 240.069 172.589 184.299 167.673 158.456 152.876 150.9 149.162 185.336 118.107 201.145 123.082 114.456 111.189 110.375 110.3 109.839 109.574 106.626 105.258 93.499 86.489
threshold=1.0000000180025095e-35 1.5000000000000002 62.500000000000007 40.100000000000009 1.0000000180025095e-35 3.3666666666666667 86.500000000000014 1.0000000180025095e-35 54.500000000000007 50.500000000000007 86.166666666666671 67.500000000000014 3.8333333333333353 3.5000000000000004 3.5000000000000004 7.7800000000000011 88.833333333333357 6.1900000000000022 6.166666666666667 1.3226772934755446 68.500000000000014 40.500000000000007 1.0000000180025095e-35 5.8981470417516997 63.100000000000009 45.45000000000001 5.8333333333333348 1.0000000180025095e-35 1.1666666666666681 1.0000000180025095e-35
decision_type=2 10 2 10 10 10 2 2 2 2 10 2 10 2 2 10 10 10 10 10 2 2 2 10 10 10 10 2 10 2
left_child=1 3 5 8 -2 12 17 -7 26 21 29 24 22 15 -8 28 -17 19 -19 20 -4 -5 -3 -21 -6 -13 -1 -23 -9 -11
right_child=4 2 6 9 11 7 14 13 -10 10 -12 25 -14 -15 -16 16 -18 18 -20 23 -22 27 -24 -25 -26 -27 -28 -29 -30 -31
leaf_value=-0.0072052130146483921 -0.012813480536369814 0.0092591758541999223 0.030333608236868641 -0.0060853741656746139 -0.0080404277746814225 0.019049131136799419 0.051586828697342858 -0.0085452599112283093 0.01183710477651289 0.0079788956643393489 0.036639504341345761 3.6794104116277456e-05 0.022546164227944941 0.016887448720124348 0.088257031576199962 0.099506172641255955 0.030631875478203834 0.053592378302814297 0.025944983076850146 0.025694255471093084 0.10495365551874243 0.0063700763896934959 0.017105787272664447 0.060413654698905618 0.0044021264500646575 0.028993041882210451 0.0012258598249275184 0.015840335808225577 0.035810205205161288 0.022203728573313014
leaf_weight=2087 31035 3322 37 353 9050 2260 430 44 1459 727 489 326 2106 413 132 74 67 637 377 1283 37 1974 3137 88 687 184 3823 2272 1532 817
leaf_count=2087 31035 3322 37 353 9050 2260 430 44 1459 727 489 326 2106 413 132 74 67 637 377 1283 37 1974 3137 88 687 184 3823 2272 1532 817
internal_value=-1.85426e-10 0.0154139 0.0229637 0.00679901 -0.0111928 0.0189756 0.0400661 0.0259514 0.000939004 0.0133102 0.0205892 -0.00628427 0.0154001 0.0332749 0.0601998 0.0372167 0.0667787 0.0354646 0.0433132 0.0299569 0.0676436 0.0100925 0.0130701 0.0279228 -0.00716254 0.0104838 -0.00175141 0.0114375 0.0345719 0.0155059
internal_weight=71259 29977 15976 14001 41282 12955 3021 4390 7369 6632 2033 10247 8565 2130 562 1717 141 2459 1014 1445 74 4599 6459 1371 9737 510 5910 4246 1576 1544
internal_count=71259 29977 15976 14001 41282 12955 3021 4390 7369 6632 2033 10247 8565 2130 562 1717 141 2459 1014 1445 74 4599 6459 1371 9737 510 5910 4246 1576 1544
is_linear=0
shrinkage=0.03


Tree=31
num_leaves=31
num_cat=0
split_feature=13 6 14 5 14 14 2 7 14 10 6 12 14 7 5 9 9 5 11 14 5 11 11 9 7 11 9 5 11 2
split_gain=12852.6 2040.13 942.304 479.515 455.094 353.235 343.442 272.853 184.927 180.704 167.265 156.868 150.892 147.832 142.337 151.881 139.434 138.674 135.392 131.128 137.864 126.641 117.578 109.807 115.994 110.196 106.116 105.297 103.882 99.4121
threshold=1.0000000180025095e-35 2.366666666666668 53.500000000000007 71.90000000000002 108.50000000000001 50.500000000000007 0.16113880288719631 5.8500000000000023 72.500000000000014 0.83333333333333337 0.3666666666666667 1.5000000000000002 46.500000000000007 1.6600000000000006 54.100000000000009 1.8333333333333337 3.166666666666667 65.100000000000009 2.4037371358799935 40.500000000000007 29.500000000000004 1.7221678625788217 1.2439391713194243 1.4166666666666667 4.4225000000000003 4.6267857142857149 1.1666666666666667 76.63333333333334 0.36318027210884357 1.875526244199188
decision_type=2 10 2 10 2 2 10 10 2 10 10 2 2 10 10 8 10 10 10 2 10 10 10 10 10 10 10 10 10 10
left_child=1 3 9 5 7 10 -2 23 -7 16 -1 -10 -8 -5 -9 28 21 -14 22 -11 -21 -3 -6 24 27 -26 -13 -4 -16 -25
right_child=6 2 4 13 18 8 12 14 11 19 -12 26 17 -15 15 -17 -18 -19 -20 20 -22 -23 -24 29 25 -27 -28 -29 -30 -31
leaf_value=-0.0055691160571261725 -0.0123380022437505 0.0010980174174753134 0.019450617902620891 0.030727079102045585 0.066602905604147139 0.010242560220925699 -0.0097103915183033625 0.0036835356357447597 0.018748217693937475 -0.0017573931319148917 0.0036004394148389158 0.10988484598038827 -0.0035270597229507079 0.014090144417176851 0.09226550134328694 0.027297488151080542 -0.024377598139254941 0.015983398744433931 0.057185936023791628 0.0015551210810708534 0.020025074456257452 0.017527465157522133 0.14991482031345366 0.0053879042228524524 0.035758425173429656 0.086912876330316066 0.043743963329823776 0.039288196837709795 0.042696019202498277 0.022611354824541602
leaf_weight=2668 31929 801 1079 607 31 2929 4557 109 160 285 5443 34 4442 2310 39 718 115 354 225 385 6579 893 30 380 722 40 61 310 1562 1462
leaf_count=2668 31929 801 1079 607 31 2929 4557 109 160 285 5443 34 4442 2310 39 718 115 354 225 385 6579 893 30 380 722 40 61 310 1562 1462
internal_value=1.38114e-10 0.0149514 0.0223823 0.00670863 0.0309058 0.00390823 -0.010857 0.0292566 0.0123758 0.016071 0.000584242 0.0368791 -0.00580128 0.0175521 0.0371872 0.038762 0.00758879 -0.00208696 0.0679335 0.0181877 0.019004 0.00975888 0.107576 0.0244342 0.029038 0.0384437 0.0674154 0.023878 0.0439035 0.0190582
internal_weight=71259 29977 15765 14212 6707 11295 41282 6421 3184 9058 8111 255 9353 2917 2428 2319 1809 4796 286 7249 6964 1694 61 3993 2151 762 95 1389 1601 1842
internal_count=71259 29977 15765 14212 6707 11295 41282 6421 3184 9058 8111 255 9353 2917 2428 2319 1809 4796 286 7249 6964 1694 61 3993 2151 762 95 1389 1601 1842
is_linear=0
shrinkage=0.03


Tree=32
num_leaves=31
num_cat=0
split_feature=13 3 14 4 14 2 8 14 1 14 14 11 9 1 9 12 9 14 2 12 14 9 9 4 6 14 11 8 12 2
split_gain=12093 1954.22 1087.17 504.261 375.256 323.612 238.234 212.492 208.289 174.151 155.175 155.131 152.978 148.496 144.916 139.721 225.608 137.671 137.332 133.041 131.179 131.438 128.521 123.273 105.132 114.159 100.375 125.234 98.6126 95.6304
threshold=1.0000000180025095e-35 1.5000000000000002 55.500000000000007 37.166666666666679 86.500000000000014 0.27626479332100468 1.0000000180025095e-35 45.500000000000007 3.3666666666666667 53.500000000000007 40.500000000000007 1.5334677419354843 1.8333333333333337 6.4500000000000011 1.4166666666666667 3.5000000000000004 1.1666666666666667 46.500000000000007 5.7018627102597748 3.5000000000000004 40.500000000000007 1.1666666666666667 3.166666666666667 50.416666666666679 2.5416666666666679 78.500000000000014 1.1643037114061752 1.0000000180025095e-35 2.5000000000000004 0.86218370619243634
decision_type=2 10 2 10 2 10 2 2 10 2 2 8 8 10 8 2 10 2 10 2 2 10 10 10 10 2 10 2 2 10
left_child=1 3 6 7 12 -2 10 -1 14 20 -3 -9 13 -4 29 -6 -17 -7 -18 -10 -5 -22 -12 -19 25 -13 -11 -28 -14 -8
right_child=5 2 4 9 15 17 8 11 19 26 22 24 28 -15 -16 16 18 23 -20 -21 21 -23 -24 -25 -26 -27 27 -29 -30 -31
leaf_value=-0.0056289227824134246 -0.011751937756990113 -0.013118267826706586 0.032496103349665163 -0.0067220420493196344 0.048587641550531226 -0.0092973395007742484 0.069931877912267265 0.00067903114524291803 0.033734999430874213 0.010134896111069783 0.014290941974088915 0.013269140128764479 0.01527241439037905 0.056722841455042361 0.010995950910589469 0.13409989435225725 0.016273130282413128 -0.0031774492495816602 0.094013795245152257 0.011966770302032591 0.017522720103665693 0.0072472910721963846 -0.0093052365517683529 0.011803671997002375 -0.010991166359836272 0.053416975772168147 0.015162464891625711 0.035938694627292461 0.032208162044289376 0.021876027329352048
leaf_weight=2846 34084 206 2553 413 430 3271 38 2740 1407 522 5437 1311 762 250 1779 50 43 3347 39 308 1734 3166 216 580 153 67 490 559 521 1937
leaf_count=2846 34084 206 2553 413 430 3271 38 2740 1407 522 5437 1311 762 250 1779 50 43 3347 39 308 1734 3166 216 580 153 67 490 559 521 1937
internal_value=-8.70159e-11 0.0145029 0.0216736 0.00632074 0.033891 -0.0105313 0.0166606 0.000721338 0.0211636 0.0121097 0.0124573 0.00495286 0.0307296 0.0346569 0.0172065 0.0568754 0.0838733 -0.00475137 0.0532473 0.0298256 0.00951499 0.0108835 0.0133893 -0.000964806 0.0126017 0.0152212 0.0208846 0.0262339 0.0221497 0.0228006
internal_weight=71259 29977 15976 14001 4648 41282 11328 7117 5469 6884 5859 4271 4086 2803 3754 562 132 7198 82 1715 5313 4900 5653 3927 1531 1378 1571 1049 1283 1975
internal_count=71259 29977 15976 14001 4648 41282 11328 7117 5469 6884 5859 4271 4086 2803 3754 562 132 7198 82 1715 5313 4900 5653 3927 1531 1378 1571 1049 1283 1975
is_linear=0
shrinkage=0.03


Tree=33
num_leaves=31
num_cat=0
split_feature=13 3 14 5 1 6 14 8 14 10 14 4 6 12 12 14 14 10 14 6 5 10 11 14 8 3 10 11 10 4
split_gain=11378.3 1838.72 1026.67 498.638 307.965 295.108 259.644 219.096 205.209 159.152 146.446 169.557 138.662 137.134 131.463 116.452 109.045 100.215 98.951 98.4313 97.7845 101.435 95.7107 95.3546 98.9499 94.0284 91.9314 91.6606 139.153 90.2475
threshold=1.0000000180025095e-35 1.5000000000000002 62.500000000000007 40.100000000000009 3.3666666666666667 1.0000000180025095e-35 86.500000000000014 1.0000000180025095e-35 54.500000000000007 0.83333333333333337 50.500000000000007 86.166666666666671 3.8333333333333353 3.5000000000000004 3.5000000000000004 49.500000000000007 70.500000000000014 inf 40.500000000000007 1.1666666666666681 71.90000000000002 3.166666666666667 0.47912713472485774 40.500000000000007 1.0000000180025095e-35 2.5000000000000004 1.8333333333333337 1.5334677419354843 1.5833333333333337 81.416666666666671
decision_type=2 10 2 10 10 10 2 2 2 10 2 10 10 2 2 2 2 8 2 10 10 10 10 2 2 10 8 10 10 10
left_child=1 3 4 8 9 15 29 22 18 -3 23 -12 20 19 -8 -2 -7 -17 -1 -9 -11 -22 25 -5 26 -6 -25 28 -16 -4
right_child=5 2 6 10 7 16 14 13 -10 12 11 -13 -14 -15 27 17 -18 -19 -20 -21 21 -23 -24 24 -26 -27 -28 -29 -30 -31
leaf_value=-0.013773175898910896 -0.012100466345772555 0.0058783785168097687 0.027328478978268594 -0.0058467892341041361 0.081495744070181481 -0.0052420729459284349 0.047130012245848771 -0.0098434315943582481 0.010835987818964379 0.010312908052967622 0.013928227449371148 0.03419895136826015 0.023473572422534433 0.015194364228752637 0.030559085809439418 -0.0077281411692934898 0.013820653697872097 0.041805723034650889 -0.00047633521709652293 0.035613351274082446 0.017279354986069678 0.04873050207070545 0.015817721350443237 0.00067364247382947187 0.01464933759424831 0.025233146449222282 0.014210973731382017 0.11286237253862268 0.11145818602173559 0.038872255679521635
leaf_weight=556 28923 1719 1343 353 39 6385 430 44 1459 3133 1544 489 1715 413 50 5655 282 37 5354 1673 1901 97 2136 1275 2272 85 699 51 31 1116
leaf_count=556 28923 1719 1343 353 39 6385 430 44 1459 3133 1544 489 1715 413 50 5655 282 37 5354 1673 1901 97 2136 1275 2272 85 699 51 31 1116
internal_value=4.68698e-11 0.0140678 0.0210234 0.00613111 0.0173509 -0.0102154 0.0367721 0.0238116 0.000760147 0.0140394 0.0120989 0.018804 0.0160886 0.0307152 0.0551691 -0.0113285 -0.00443576 -0.00740615 -0.00172727 0.0344485 0.0136202 0.0188063 0.0173052 0.00913497 0.0103805 0.0429286 0.00546726 0.0813571 0.0615205 0.0325675
internal_weight=71259 29977 15976 14001 12955 41282 3021 4390 7369 8565 6632 2033 6846 2130 562 34615 6667 5692 5910 1717 5131 1998 2260 4599 4246 124 1974 132 81 2459
internal_count=71259 29977 15976 14001 12955 41282 3021 4390 7369 8565 6632 2033 6846 2130 562 34615 6667 5692 5910 1717 5131 1998 2260 4599 4246 124 1974 132 81 2459
is_linear=0
shrinkage=0.03


Tree=34
num_leaves=31
num_cat=0
split_feature=2 2 14 13 13 14 4 14 5 14 9 4 14 10 8 1 11 5 14 14 4 14 2 4 2 9 2 9 5 10
split_gain=10710.4 1393.84 695.166 541.325 493.897 319.09 223.375 199.373 196.48 160.262 151.336 150.737 145.891 145.239 137.676 133.463 148.538 132.229 132.226 114.299 132.727 108.909 107.969 106.174 121.1 105.631 118.163 100.888 98.687 94.8003
threshold=0.77961009061317343 2.8895374989749318 65.500000000000014 1.0000000180025095e-35 1.0000000180025095e-35 53.500000000000007 74.833333333333357 104.50000000000001 79.450000000000017 108.50000000000001 2.8333333333333335 52.416666666666679 46.500000000000007 1.8333333333333337 1.0000000180025095e-35 4.366666666666668 2.0266405689696394 68.26666666666668 54.500000000000007 62.500000000000007 67.833333333333357 48.500000000000007 7.7255471869905437 88.833333333333357 6.7811508394516018 1.4166666666666667 3.017698664152324 inf 7.1000000000000005 1.8333333333333337
decision_type=10 10 2 2 2 2 10 2 10 2 10 10 2 10 2 10 10 10 2 2 10 2 10 10 10 8 10 8 10 10
left_child=3 4 8 18 5 6 -2 10 29 11 17 -4 -5 -8 21 -11 -17 19 28 -7 -21 -10 -18 24 -16 26 -13 -14 -1 -3
right_child=1 2 9 12 -6 7 13 -9 14 15 -12 25 27 -15 23 16 22 -19 -20 20 -22 -23 -24 -25 -26 -27 -28 -29 -30 -31
leaf_value=-0.0065773232906183197 0.0053716087766036346 0.010894218026073951 0.011754086670693028 -0.011736349170814368 -0.0020228821196980537 0.010894679926849319 0.010320261666448107 0.093334490675479165 0.010423880563045676 0.015848714089393617 -0.0032986427696786173 0.095696692443112047 -0.0077947237683879383 0.021436507821986407 0.035744456585609229 0.12246277540549635 0.074244598424993452 0.027901354751435261 0.012495266144750236 0.027496509185798865 -0.0055436500390210457 0.024378915243737014 0.025192221246533471 0.025030286229477061 0.081705852279341531 0.030516258193485774 0.043506358401852137 0.04117352094060104 0.0025105358545512921 0.021202789561285858
leaf_weight=2114 6438 2406 209 27454 2807 1601 3286 32 868 50 276 41 10778 1560 544 40 128 1213 657 931 124 1198 59 1401 57 737 818 38 2189 1205
leaf_count=2114 6438 2406 209 27454 2807 1601 3286 32 868 50 276 41 10778 1560 544 40 128 1213 657 931 124 1198 59 1401 57 737 818 38 2189 1205
internal_value=-1.07399e-11 0.0144442 0.0235963 -0.00936517 0.00955399 0.0116558 0.00903365 0.0187395 0.0194276 0.0389719 0.0181636 0.0357113 -0.0105737 0.0138987 0.0239488 0.0602188 0.0699919 0.0196946 -4.02235e-05 0.0159466 0.0236131 0.0185159 0.0587682 0.0295553 0.0401035 0.0388485 0.0459974 -0.00762268 -0.00195419 0.0143342
internal_weight=71259 28029 9761 43230 18268 15461 11284 4177 7679 2082 4145 1805 38270 4846 4068 277 227 3869 4960 2656 1055 2066 187 2002 601 1596 859 10816 4303 3611
internal_count=71259 28029 9761 43230 18268 15461 11284 4177 7679 2082 4145 1805 38270 4846 4068 277 227 3869 4960 2656 1055 2066 187 2002 601 1596 859 10816 4303 3611
is_linear=0
shrinkage=0.03


Tree=35
num_leaves=31
num_cat=0
split_feature=2 3 14 13 4 14 14 8 9 7 14 10 14 8 5 12 14 14 4 14 12 9 2 9 9 10 4 2 9 9
split_gain=10077.4 1403.07 924.648 509.333 405.437 312.883 218.221 209.611 176.619 147.735 139.095 144.898 137.269 135.894 131.383 150.854 128.088 127.346 158.14 124.411 122.87 208.137 125.064 115.071 102.387 100.921 99.3249 95.0631 94.926 93.6873
threshold=0.77961009061317343 1.5000000000000002 55.500000000000007 1.0000000180025095e-35 50.416666666666679 86.500000000000014 97.500000000000014 1.0000000180025095e-35 1.5833333333333337 5.9100000000000019 40.500000000000007 0.83333333333333337 46.500000000000007 1.0000000180025095e-35 68.63333333333334 1.5000000000000002 45.500000000000007 53.500000000000007 77.500000000000014 54.500000000000007 3.5000000000000004 1.1666666666666667 5.7018627102597748 2.166666666666667 1.4166666666666667 0.83333333333333337 81.833333333333357 0.86218370619243634 inf 1.8333333333333337
decision_type=10 10 2 2 10 2 2 2 10 10 2 8 2 2 10 2 2 2 10 2 2 10 10 10 8 10 10 10 8 10
left_child=3 4 7 19 16 9 8 10 17 -4 -3 -12 -5 -11 24 23 -2 26 -19 -1 -7 -22 -23 -16 27 -17 -6 -9 -14 -15
right_child=1 2 5 12 6 20 -8 14 -10 13 11 -13 28 29 15 25 -18 18 -20 -21 21 22 -24 -25 -26 -27 -28 -29 -30 -31
leaf_value=-0.001895568560121822 -0.0062882582792014655 -0.013000857828457545 0.023639448524431349 -0.011384258425240986 0.006946328490358567 0.044329291684076538 0.086403945003237032 0.068519109938825887 0.0058952900457814933 0.027097918839977288 0.0022508353605155281 0.014487356685696898 -0.0075608821834027016 0.051797445704825945 0.034727644344854335 0.0025831095465301407 0.0034814762661010911 0.017496762699516052 0.047028025245526801 0.012120408063061264 0.12566146910190581 0.012718538721633513 0.086905606993688989 0.014604377996676214 0.0067957092218477577 0.020798974234288378 0.019021688625602582 0.018314235848327323 0.039938315819752837 0.029070306848500808
leaf_weight=4303 1686 205 2481 27454 1260 430 35 35 2885 850 1076 4570 10778 515 1161 337 4258 510 240 657 50 43 39 328 1019 1458 1194 1125 38 239
leaf_count=4303 1686 205 2481 27454 1260 430 35 35 2885 850 1076 4570 10778 515 1161 337 4258 510 240 657 50 43 39 328 1019 1458 1194 1125 38 239
internal_value=6.77961e-11 0.0140109 0.0198473 -0.00908421 0.00629172 0.0311141 0.0117091 0.0152196 0.0112797 0.0282267 0.011274 0.0121554 -0.0102565 0.0353221 0.0194455 0.0232352 0.000710317 0.0161281 0.0269468 -3.90168e-05 0.0521012 0.0774189 0.0480026 0.0302948 0.0137341 0.0173791 0.0128216 0.019829 -0.007394 0.0445935
internal_weight=71259 28029 15961 43230 12068 4647 6124 11314 6089 4085 5851 5646 38270 1604 5463 3284 5944 3204 750 4960 562 132 82 1489 2179 1795 2454 1160 10816 754
internal_count=71259 28029 15961 43230 12068 4647 6124 11314 6089 4085 5851 5646 38270 1604 5463 3284 5944 3204 750 4960 562 132 82 1489 2179 1795 2454 1160 10816 754
is_linear=0
shrinkage=0.03


Tree=36
num_leaves=31
num_cat=0
split_feature=13 6 14 4 7 7 5 14 9 14 14 14 9 11 14 10 5 11 4 11 10 14 6 9 11 14 6 5 0 11
split_gain=9500.57 1564.97 717.248 378.597 320.054 273.552 230.715 217.453 191.368 164.291 160.463 136.527 120.338 113.866 112.216 122.964 110.523 109.539 107.527 106.387 103.161 91.7737 87.8194 116.648 84.7226 124.697 116.233 84.5254 83.4069 81.9095
threshold=1.0000000180025095e-35 2.366666666666668 74.500000000000014 10.41666666666667 5.5100000000000016 1.0000000180025095e-35 89.90000000000002 61.500000000000007 1.5833333333333337 46.500000000000007 108.50000000000001 67.500000000000014 1.1666666666666667 2.4037371358799935 45.500000000000007 2.5000000000000004 87.63333333333334 4.348349567099568 52.833333333333336 2.088207317073171 0.83333333333333337 59.500000000000007 2.1666666666666696 1.4166666666666667 4.9851441631504931 121.50000000000001 8.7833333333333368 63.100000000000009 5.166666666666667 0.87478953794743275
decision_type=2 10 2 10 10 10 10 2 8 2 2 2 10 10 2 8 10 10 10 10 10 2 10 8 10 2 10 10 10 10
left_child=1 3 4 14 8 -2 7 12 19 -6 -4 27 -5 16 -1 -16 -12 -13 -11 20 -3 -22 23 -8 -15 -26 -27 -7 -25 -29
right_child=5 2 10 6 9 11 22 -9 -10 18 13 17 -14 24 15 -17 -18 -19 -20 -21 21 -23 -24 28 25 26 -28 29 -30 -31
leaf_value=-0.0083456231561507555 -0.010737722684141769 0.0025817410967240674 0.03422281569933782 0.01014283803269969 0.0021473149999471034 -0.0066471088908276986 0.032489280875128063 0.023699222019922171 0.010796107430318233 -0.0010637355833831759 0.13522334241818998 0.0058274013205252906 0.0027761755802092848 0.026318075175989757 -0.0019124777196352207 0.015904493458246786 0.054449292272329329 0.055865078123156414 0.029494207505169404 0.023480690768060801 0.015497699570156473 0.031401922770033307 0.0052270500497041466 0.00940139778304315 0.10063430841152483 0.081612511599386053 0.010854805065318942 0.022546961063206823 0.058124150081592448 -0.0016024675144402025
leaf_weight=1692 31035 491 1244 3186 236 9050 613 637 5258 108 31 467 5342 88 1513 453 30 43 2565 2427 2780 370 290 452 52 37 48 167 34 520
leaf_count=1692 31035 491 1244 3186 236 9050 613 637 5258 108 31 467 5342 88 1513 453 30 43 2565 2427 2780 370 290 452 52 37 48 167 34 520
internal_value=-7.50247e-12 0.0128547 0.0193629 0.00563535 0.0172651 -0.00933448 0.00851803 0.00679125 0.0149853 0.0261411 0.0388812 -0.00508448 0.00552831 0.0591436 -0.00268169 0.00219286 0.0954984 0.0100463 0.0282595 0.0186153 0.0153721 0.0173658 0.0199118 0.0237867 0.0492874 0.0640414 0.0416552 -0.00587699 0.01281 0.00426792
internal_weight=71259 29977 15765 14212 14235 41282 10554 9165 11326 2909 1530 10247 8528 286 3658 1966 61 510 2673 6068 3641 3150 1389 1099 225 137 85 9737 486 687
internal_count=71259 29977 15765 14212 14235 41282 10554 9165 11326 2909 1530 10247 8528 286 3658 1966 61 510 2673 6068 3641 3150 1389 1099 225 137 85 9737 486 687
is_linear=0
shrinkage=0.03


Tree=37
num_leaves=31
num_cat=0
split_feature=13 3 14 5 14 14 1 14 9 9 6 5 9 1 0 10 14 11 14 10 5 11 12 9 11 0 10 12 12 11
split_gain=8939.09 1487.06 827.002 400.281 278.145 246.886 190.551 163.491 159.843 139.24 138.167 135.88 134.032 128.878 140.475 119.127 118.714 117.708 131.247 124.308 130.714 271.16 114.904 199.506 157.022 97.2622 94.2508 93.9829 93.7118 118.512
threshold=1.0000000180025095e-35 1.5000000000000002 55.500000000000007 40.100000000000009 86.500000000000014 54.500000000000007 3.3666666666666667 54.500000000000007 1.4166666666666667 2.8333333333333335 0.099999999999999964 45.45000000000001 1.8333333333333337 6.7750000000000012 6.8333333333333348 2.166666666666667 61.500000000000007 2.6989213998852555 60.500000000000007 1.4166666666666667 64.100000000000009 1.2002290950744563 3.5000000000000004 0.83333333333333337 1.5501004016064259 5.166666666666667 4.166666666666667 2.5000000000000004 1.5000000000000002 2.7780514504652438
decision_type=2 10 2 10 2 2 10 2 8 8 10 10 8 10 10 10 2 10 2 10 10 10 2 10 10 10 8 2 2 10
left_child=1 3 6 7 12 10 8 -1 15 17 -2 26 13 -4 -15 -3 -16 18 -5 -20 -21 -22 -6 -24 25 -25 -7 -14 29 -19
right_child=5 2 4 9 22 11 -8 -9 -10 -11 -12 -13 27 14 16 -17 -18 28 19 20 21 -23 23 24 -26 -27 -28 -29 -30 -31
leaf_value=-0.0017008287622441176 -0.010443562435135596 0.01276145686624713 0.028447659224090135 0.0083380909249036236 0.041652348752934922 -0.0042324062108856017 0.020112534419592903 0.0095129192412635871 0.007042440591414908 -0.0045939772100243121 -0.0049693796388668504 0.013890049561512768 0.011913279309084155 0.08935654539557604 0.083077285681900218 0.024398688047534835 0.022171759823916337 0.063422273004998475 0.0099221974726549176 0.020067400720558667 0.011676924414932727 0.1115950610299002 0.14165803378820419 -0.0105710063197396 0.10298456635024096 0.062832709222566341 0.049209034293889994 0.028446700785866797 0.010117097724999266 0.023099145163376016
leaf_weight=5910 33072 3163 2581 4495 430 2980 3549 1459 3560 497 4745 455 762 65 38 1056 119 73 223 114 44 55 30 33 37 32 30 521 484 647
leaf_count=5910 33072 3163 2581 4495 430 2980 3549 1459 3560 497 4745 455 762 65 38 1056 119 73 223 114 44 55 30 33 37 32 30 521 484 647
internal_value=-3.78632e-11 0.0124691 0.0187242 0.00533158 0.02938 -0.00905444 0.014352 0.000519399 0.0117239 0.0106785 -0.0097567 -0.00138999 0.0266583 0.0303343 0.0522683 0.0156742 0.0369132 0.0119158 0.00986241 0.0255776 0.0419681 0.067187 0.0491681 0.0736513 0.0536493 0.0255662 -0.00369977 0.0186272 0.0203253 0.0271875
internal_weight=71259 29977 15976 14001 4648 41282 11328 7369 7779 6632 37817 3465 4086 2803 222 4219 157 6135 4931 436 213 99 562 132 102 65 3010 1283 1204 720
internal_count=71259 29977 15976 14001 4648 41282 11328 7369 7779 6632 37817 3465 4086 2803 222 4219 157 6135 4931 436 213 99 562 132 102 65 3010 1283 1204 720
is_linear=0
shrinkage=0.03


Tree=38
num_leaves=31
num_cat=0
split_feature=2 6 3 13 14 5 9 8 14 5 5 3 14 6 10 14 14 10 2 2 0 14 8 12 14 1 5 10 14 0
split_gain=8422.61 1198.32 542.579 417.474 416.319 214.577 214.498 166.211 149.869 136.508 237.862 158.825 128.887 126.897 125.497 123.65 121.002 119.52 246.599 193.351 147.362 115.871 113.507 132.724 127.246 110.664 157.233 120.668 108.192 100.682
threshold=0.77961009061317343 4.8166666666666691 1.5000000000000002 1.0000000180025095e-35 70.500000000000014 85.100000000000009 1.4166666666666667 1.0000000180025095e-35 42.500000000000007 78.63333333333334 80.225000000000009 15.500000000000002 40.500000000000007 1.6666666666666676 1.8333333333333337 46.500000000000007 68.500000000000014 1.1666666666666667 3.9487552986673116 4.2749370317136099 7.8333333333333348 46.500000000000007 1.0000000180025095e-35 1.5000000000000002 113.50000000000001 7.5500000000000007 88.675000000000011 3.8333333333333335 54.500000000000007 6.8333333333333348
decision_type=10 10 10 2 2 10 10 2 2 10 10 10 2 10 8 2 2 10 10 10 10 2 2 2 2 10 10 10 2 10
left_child=3 2 5 28 8 12 7 -4 -3 17 -11 22 -2 -14 -7 -5 -9 -6 -19 -20 -21 -8 23 24 -12 27 -27 -10 -1 -24
right_child=1 4 6 15 9 14 21 16 25 10 11 -13 13 -15 -16 -17 -18 18 19 20 -22 -23 29 -25 -26 26 -28 -29 -30 -31
leaf_value=-0.0018472266074483551 -0.012196367154680903 -0.019488991566988474 0.013441304516405989 -0.010436604443774438 0.0127898105269091 0.0092546203508820715 0.0036016500432488842 0.022000789477672797 0.0194392810154277 0.12944808247685433 -0.0013604455627501011 -0.016455569494711723 0.00031670747767657549 0.0074655545436376732 0.027380051292693428 -0.0066494692568626543 0.049974040196334217 0.014265412987809475 0.12776939368025669 0.035139436314465193 0.092944517492535794 0.013143719613586078 0.069973169172466806 0.050975730733699959 0.055602534091472623 0.066896775217523963 -0.0027633233550118236 0.077023584473539478 0.011223231012875545 0.035639268042225586
leaf_weight=4303 471 85 3197 27454 270 1077 1811 2613 4343 30 120 38 4452 4487 505 10816 147 219 31 179 51 3116 236 212 50 101 41 33 657 114
leaf_count=4303 471 85 3197 27454 270 1077 1811 2613 4343 30 120 38 4452 4487 505 10816 147 219 31 179 51 3116 236 212 50 101 41 33 657 114
internal_value=9.29782e-12 0.012809 0.0095192 -0.00830493 0.0245051 0.00481783 0.0142672 0.0180974 0.0199768 0.0379527 0.046573 0.0433441 0.0030992 0.00390513 0.0150406 -0.00936627 0.0234907 0.0287578 0.0377398 0.0574367 0.0479571 0.00963637 0.0464485 0.0351406 0.0153934 0.0207193 0.0467836 0.0198735 -0.000115918 0.0587901
internal_weight=71259 28029 21876 43230 6153 10992 10884 5957 4603 1550 800 770 9410 8939 1582 38270 2760 750 480 261 230 4927 732 382 170 4518 142 4376 4960 350
internal_count=71259 28029 21876 43230 6153 10992 10884 5957 4603 1550 800 770 9410 8939 1582 38270 2760 750 480 261 230 4927 732 382 170 4518 142 4376 4960 350
is_linear=0
shrinkage=0.03


Tree=39
num_leaves=31
num_cat=0
split_feature=13 6 14 4 14 4 2 5 14 14 4 14 9 14 11 11 5 5 9 2 5 7 11 5 5 11 2 1 1 7
split_gain=7932.04 1328.64 618.795 332.066 297.676 254.875 236.183 215.362 211.321 126.107 127.273 116.645 118.262 113.309 112.878 104.973 104.075 101.886 93.5205 153.363 90.7556 85.5638 85.2593 85.1312 155.979 126.386 201.819 124.52 98.3687 98.3363
threshold=1.0000000180025095e-35 2.366666666666668 53.500000000000007 7.416666666666667 108.50000000000001 82.833333333333357 0.034876135583308605 89.90000000000002 61.500000000000007 46.500000000000007 57.833333333333336 40.500000000000007 3.166666666666667 40.500000000000007 1.517622701254415 2.4037371358799935 29.500000000000004 87.63333333333334 1.5833333333333337 5.8981470417516997 66.63333333333334 8.7225000000000019 0.53343495934959362 86.90000000000002 79.100000000000009 6.0140845070422548 7.1842763477730314 5.4500000000000011 5.7750000000000012 7.660000000000001
decision_type=2 10 2 10 2 10 10 10 2 2 10 2 8 2 10 10 10 10 10 10 10 10 10 10 10 10 10 10 10 10
left_child=1 3 11 -1 5 18 -2 8 13 -8 -11 -3 16 -5 -15 17 -13 -6 19 20 -4 -20 -12 24 28 26 27 -26 -7 -25
right_child=6 2 4 7 15 23 9 -9 -10 10 22 12 -14 14 -16 -17 -18 -19 21 -21 -22 -23 -24 29 25 -27 -28 -29 -30 -31
leaf_value=-0.0038680292118727934 -0.010097680017698996 -0.0043278030130980355 0.014803991560107026 -0.0078252123419507661 0.12764352151463107 0.02216801843535457 -0.0079845480419360251 0.018500732963622625 0.021858750621812646 -0.0031907035921422866 0.057154190116203742 -0.0002426725469098144 -0.0037729004664458837 0.0029554154046938599 0.01010507382140219 0.045132666930556301 0.014812503115481466 0.050089966714382171 0.014497413102738888 0.047672750652118616 0.028722793094669487 -0.018274668941646813 0.010139823231869672 0.020170943978017868 0.052738252684399668 -0.010076977182179689 0.11284271989822049 0.012764331579208373 0.064945683008376151 0.036206409037433107
leaf_weight=2949 27935 351 1158 609 31 555 7093 1389 693 5899 39 436 350 5441 3131 225 7921 30 1630 198 663 75 316 1003 401 32 44 85 53 524
leaf_count=2949 27935 351 1158 609 31 555 7093 1389 693 5899 39 436 350 5441 3131 225 7921 30 1630 198 663 75 316 1003 401 32 44 85 53 524
internal_value=-5.36287e-11 0.0117457 0.0177424 0.00509377 0.0246496 0.0233157 -0.00852919 0.00744024 0.00588434 -0.00524636 -0.00214083 0.012628 0.0133115 0.00467856 0.00556689 0.0545961 0.014027 0.0895024 0.0182292 0.022598 0.0198716 0.0130558 0.0153048 0.0303391 0.0364282 0.0478214 0.0513171 0.0457469 0.025897 0.0256736
internal_weight=71259 29977 15765 14212 6707 6421 41282 11263 9874 13347 6254 9058 8707 9181 8572 286 8357 61 3724 2019 1821 1705 355 2697 1170 562 530 486 608 1527
internal_count=71259 29977 15765 14212 6707 6421 41282 11263 9874 13347 6254 9058 8707 9181 8572 286 8357 61 3724 2019 1821 1705 355 2697 1170 562 530 486 608 1527
is_linear=0
shrinkage=0.03


Tree=40
num_leaves=31
num_cat=0
split_feature=13 3 14 5 14 7 8 5 1 14 8 14 10 10 11 5 5 1 14 7 8 11 14 0 5 10 0 1 3 10
split_gain=7463.26 1260.35 704.539 337.214 239.207 222.67 196.564 182.326 149.007 142.302 140.081 126.591 133.173 123.599 123.537 120.892 123.026 158.71 118.25 115.468 113.487 150.213 172.091 199.426 138.087 200.268 122.285 210.25 154.094 114.203
threshold=1.0000000180025095e-35 1.5000000000000002 55.500000000000007 40.100000000000009 74.500000000000014 1.0000000180025095e-35 1.0000000180025095e-35 22.675000000000004 3.3666666666666667 54.500000000000007 1.0000000180025095e-35 40.500000000000007 0.83333333333333337 1.4166666666666667 0.41190087145969506 58.45000000000001 88.675000000000011 7.5500000000000007 67.500000000000014 3.6774999999999998 1.0000000180025095e-35 2.4857368896925864 86.500000000000014 7.8333333333333348 77.500000000000014 1.1666666666666667 6.8333333333333348 8.6750000000000025 7.5000000000000009 1.4166666666666667
decision_type=2 10 2 10 2 10 2 10 10 2 2 2 8 10 10 10 10 10 2 10 2 10 2 10 10 10 10 10 10 10
left_child=1 3 6 9 13 -2 11 -6 -8 -1 -5 -3 -13 15 -10 -4 17 -17 -7 -12 21 22 -9 -24 25 -22 28 -28 -26 -27
right_child=5 2 4 10 7 18 8 20 14 -11 19 12 -14 -15 -16 16 -18 -19 -20 -21 24 -23 23 -25 26 29 27 -29 -30 -31
leaf_value=-0.0016657762634273924 -0.0095393400857645486 -0.013801844534328551 0.0052329071399525081 0.0050649220733905509 0.091955227874360002 -0.0051764535536077613 0.013859784625776467 0.025616913207454007 -0.010297095857817552 0.0087960948836316253 0.010506973783305087 0.00065438747343802488 0.012375383282692521 0.028521908704395669 0.026394400363546757 0.025467184835817301 0.0053558786230510618 0.089855470067511004 0.0096426435881294299 0.022706279117102386 -0.00026979837384892672 0.013560021544089083 0.047355261313263328 0.13805424177646636 0.059170326180571671 0.090130030009085718 0.0054819920540946287 0.093311648752008161 0.12735362375634057 0.035498088227489788
leaf_weight=5910 31035 206 545 3092 53 9737 3754 206 87 1459 2583 1078 4575 1587 1628 802 283 36 510 957 123 366 80 30 202 46 82 35 35 137
leaf_count=5910 31035 206 545 3092 53 9737 3754 206 87 1459 2583 1078 4575 1587 1628 802 283 36 510 957 123 366 80 30 202 46 82 35 35 137
internal_value=-7.91269e-11 0.0113934 0.017152 0.00482244 0.0269872 -0.00827331 0.0131165 0.0373799 0.0172068 0.000405586 0.00973012 0.00929845 0.0101402 0.0225304 0.0245331 0.016823 0.0224578 0.0282333 -0.0044389 0.0138049 0.0352246 0.0266424 0.0417947 0.0720913 0.0440928 0.0293334 0.0568509 0.0317558 0.0692396 0.0492307
internal_weight=71259 29977 15976 14001 4648 41282 11328 1395 5469 7369 6632 5859 5653 3253 1715 1666 1121 838 10247 3540 1342 682 316 110 660 306 354 117 237 183
internal_count=71259 29977 15976 14001 4648 41282 11328 1395 5469 7369 6632 5859 5653 3253 1715 1666 1121 838 10247 3540 1342 682 316 110 660 306 354 117 237 183
is_linear=0
shrinkage=0.03


Tree=41
num_leaves=31
num_cat=0
split_feature=13 6 14 11 8 14 14 6 14 0 9 14 8 12 14 6 14 0 10 7 9 14 10 14 14 9 7 10 10 10
split_gain=7022.18 1190.87 554.143 337.796 306.962 212.427 208.001 200.791 198.663 151.466 150.003 145.194 157.863 140.751 179.247 236.898 147.358 133.516 120.195 113.657 111.476 110.403 109.565 127.45 108.001 112.315 104.222 104.021 103.428 97.6088
threshold=1.0000000180025095e-35 2.9666666666666681 53.500000000000007 1.517622701254415 1.0000000180025095e-35 54.500000000000007 72.500000000000014 1.0666666666666675 108.50000000000001 10.41666666666667 1.4166666666666667 40.500000000000007 1.0000000180025095e-35 1.5000000000000002 83.500000000000014 6.7500000000000009 92.500000000000014 4.8333333333333348 2.166666666666667 1.0000000180025095e-35 1.8333333333333337 54.500000000000007 1.8333333333333337 57.500000000000007 40.500000000000007 3.166666666666667 4.990000000000002 0.83333333333333337 1.5833333333333337 4.166666666666667
decision_type=2 10 2 10 2 2 2 10 2 10 8 2 2 2 2 10 2 10 10 10 10 2 8 2 2 10 10 10 8 8
left_child=1 3 18 6 10 19 7 21 9 -6 13 -5 22 -4 -15 -16 -17 -14 24 -2 -19 -1 23 -13 -3 -26 29 -9 -12 -7
right_child=5 2 4 11 8 26 -8 27 -10 -11 28 12 17 14 15 16 -18 20 -20 -21 -22 -23 -24 -25 25 -27 -28 -29 -30 -31
leaf_value=-0.0040501496971854121 -0.0095723049194361524 -0.01267106744245841 0.014312630161541953 -0.0090170735608114568 0.029114832183601703 -0.0026277238120053486 0.035288786103631335 -0.0021653018261210645 0.066479193623044663 0.094758428670465938 0.0028986967199358948 0.00077004045583520687 0.015512613051767358 0.02662558755699572 -0.0069336847206577651 0.13138279724333968 0.054055995655820727 0.07073569518086073 0.020268785294920363 -0.0056569208926846191 0.017320058628249521 0.0084759999306770334 0.015042280563190968 0.023909338919622901 0.011855271750210727 -0.0091747992173768569 0.021643820922821761 0.0081793979507060691 0.01984079355724427 0.050024067446356638
leaf_weight=4288 29165 182 774 305 2777 3258 173 1094 140 32 734 1867 3140 838 30 42 47 74 1287 8652 67 743 1118 242 4795 240 175 4367 581 32
leaf_count=4288 29165 182 774 305 2777 3258 173 1094 140 32 734 1867 3140 838 30 42 47 74 1287 8652 67 743 1118 242 4795 240 175 4367 581 32
internal_value=-1.02885e-10 0.0110516 0.0181223 0.00599505 0.0247018 -0.00802511 0.00266162 0.00212364 0.031601 0.0298626 0.0180223 0.0112132 0.0121613 0.0238249 0.0315182 0.0659723 0.0905473 0.016795 0.0120578 -0.00867652 0.0453538 -0.00220023 0.00744995 0.00342519 0.0100322 0.0108528 -0.000915638 0.00610705 0.0103841 -0.00211561
internal_weight=71259 29977 12499 17478 5995 41282 10665 10492 2949 2809 3046 6813 6508 1731 957 119 89 3281 6504 37817 141 5031 3227 2109 5217 5035 3465 5461 1315 3290
internal_count=71259 29977 12499 17478 5995 41282 10665 10492 2949 2809 3046 6813 6508 1731 957 119 89 3281 6504 37817 141 5031 3227 2109 5217 5035 3465 5461 1315 3290
is_linear=0
shrinkage=0.03


Tree=42
num_leaves=31
num_cat=0
split_feature=2 3 7 4 4 9 8 9 1 8 11 0 7 11 9 11 2 10 7 11 3 13 10 10 10 4 9 1 11 11
split_gain=6645.65 962.439 541.161 330.434 288.866 213.498 171.069 143.922 129.047 125.597 102.556 100.466 99.684 179.352 90.1516 84.198 83.9373 82.31 109.511 78.5408 76.8786 80.3983 74.7628 121.094 74.205 73.4434 73.277 88.0851 118.735 109.856
threshold=0.77961009061317343 1.5000000000000002 5.5100000000000016 3.416666666666667 50.416666666666679 1.4166666666666667 1.0000000180025095e-35 1.5833333333333337 4.1000000000000005 1.0000000180025095e-35 2.5308732752360208 10.16666666666667 6.1000000000000014 0.87478953794743275 0.41666666666666669 2.8390292977376457 0.86218370619243634 2.8333333333333335 2.390000000000001 0.31325925106884861 -1.4999999999999998 1.0000000180025095e-35 0.83333333333333337 1.0000000180025095e-35 1.1666666666666667 18.166666666666668 1.4166666666666667 5.7750000000000012 0.80363756613756632 1.7502380952380954
decision_type=10 10 10 8 10 10 2 10 10 2 10 10 10 10 10 10 10 10 10 10 10 2 10 10 10 10 8 10 10 10
left_child=3 4 5 -1 -2 9 19 10 22 25 12 -8 -6 -14 -5 16 -11 -18 -19 -4 -16 -22 23 -7 -9 -3 27 29 -29 -21
right_child=1 2 6 14 7 8 11 24 -10 15 -12 -13 13 -15 20 -17 17 18 -20 26 21 -23 -24 -25 -26 -27 -28 28 -30 -31
leaf_value=-0.0085688933849147435 0.00027346039764871365 -0.014947491305902963 0.066205499497326945 0.0058766862262376943 0.0091810870277460946 0.028805233880375168 0.032302886116267054 -0.0005558551667791743 0.0208165372953023 0.06128660577099497 0.022524786808980457 0.071234632481730745 0.095668818423634061 0.013417623734101653 -0.017136836178443225 0.030626195742531233 0.016299647703840812 0.0033608633142251233 0.050075462310751141 0.035818466564531817 0.0013244300061340546 -0.0057078850799618924 0.0094600918799497818 -0.0020775302553819003 0.0090817484876048408 0.013766681556853854 0.012439301801931779 -0.019248566210269928 0.043385769042966732 0.010049088334074311
leaf_weight=35831 5944 82 33 1212 2210 127 1578 1316 730 41 899 62 34 80 331 681 2228 65 148 223 2858 2998 3705 1140 1585 3589 755 30 296 448
leaf_count=35831 5944 82 33 1212 2210 127 1578 1316 730 41 899 62 34 80 331 681 2228 65 148 223 2858 2998 3705 1140 1585 3589 755 30 296 448
internal_value=1.12936e-10 0.0113778 0.0162116 -0.00737702 0.00498464 0.0133243 0.0267799 0.00955735 0.00903816 0.0169004 0.0139206 0.0337747 0.0105922 0.0379487 -0.00160519 0.0212818 0.018718 0.018003 0.0358198 0.0203533 -0.00307084 -0.00227579 0.00730883 0.00101806 0.00470978 0.0131253 0.0194897 0.0248287 0.0376219 0.0186133
internal_weight=71259 28029 15961 43230 12068 12536 3425 6124 5702 6834 3223 1640 2324 114 7399 3163 2482 2441 213 1785 6187 5856 4972 1267 2901 3671 1752 997 326 671
internal_count=71259 28029 15961 43230 12068 12536 3425 6124 5702 6834 3223 1640 2324 114 7399 3163 2482 2441 213 1785 6187 5856 4972 1267 2901 3671 1752 997 326 671
is_linear=0
shrinkage=0.03


Tree=43
num_leaves=31
num_cat=0
split_feature=2 14 13 4 4 14 14 14 4 3 7 14 10 11 9 14 11 14 9 9 7 1 14 9 9 7 10 12 2 10
split_gain=6253.93 767.217 651.414 415.481 317.162 205.951 173.369 158.413 204.628 132.311 124.161 123.874 123.331 175.394 114.153 109.515 162.228 160.285 106.011 99.8473 97.8692 117.596 93.3793 91.5002 89.4447 154.197 129.582 117.496 96.7017 93.7707
threshold=1.0639242139943768 53.500000000000007 1.0000000180025095e-35 79.833333333333357 74.833333333333357 119.50000000000001 40.500000000000007 86.500000000000014 82.166666666666671 4.5000000000000009 0.22000000000000008 46.500000000000007 0.83333333333333337 2.5308732752360208 1.8333333333333337 140.50000000000003 2.4037371358799935 100.50000000000001 1.8333333333333337 inf 4.1900000000000022 1.1000000000000003 73.500000000000014 1.1666666666666667 1.1666666666666667 8.7225000000000019 1.8333333333333337 1.0000000180025095e-35 4.7254827960151387 2.5000000000000004
decision_type=10 2 2 10 10 2 2 2 10 10 10 2 10 10 10 2 10 2 10 8 10 10 2 10 8 10 10 2 10 10
left_child=2 4 10 5 9 14 -6 24 -9 -2 -1 -4 13 -8 20 16 17 -10 -15 -13 21 22 -3 -12 25 28 -26 -27 29 -5
right_child=1 3 11 7 6 -7 12 8 15 -11 23 19 -14 18 -16 -17 -18 -19 -20 -21 -22 -23 -24 -25 26 27 -28 -29 -30 -31
leaf_value=-0.0039213689848150331 0.0019334618932959147 0.024163844346985569 -0.009033626367050766 0.036604073577030084 -0.0099164619824435845 0.060901452554277626 -0.00091468004576135073 0.12092167311906815 0.044528702510082542 0.012551635943319914 0.0093420308009100374 -0.0054892382689987656 0.015193617997464657 0.030360461139685609 0.0066208003253617788 -0.015536480057984591 0.031002218093129651 0.12654941804505684 0.0042230720679318559 0.041411587147087585 0.022703082622203948 0.0099879575576194268 0.075635488585225841 0.0011343715215171172 0.016131965089961075 0.02121844473110255 0.032923783745172283 0.072690313101920756 0.012227179035931105 0.005182603215608669
leaf_weight=2494 6018 192 27873 669 302 83 1111 30 51 1281 1958 11349 6223 336 1600 30 226 37 239 41 1330 1952 38 3254 1378 58 591 128 289 98
leaf_count=2494 6018 192 27873 669 302 83 1111 30 51 1281 1958 11349 6223 336 1600 30 226 37 239 41 1330 1952 38 3254 1378 58 591 128 289 98
internal_value=9.42896e-12 0.0123586 -0.00639125 0.019445 0.0083471 0.0140237 0.0123918 0.0273009 0.045779 0.00379699 0.00158358 -0.00795644 0.0132437 0.00604639 0.0132626 0.0392259 0.0444579 0.0790147 0.0194964 -0.00532041 0.0162885 0.0123786 0.0326679 0.00421776 0.0251487 0.0314531 0.0211721 0.0566399 0.0270167 0.0325893
internal_weight=71259 24290 46969 8780 15510 5195 8211 3585 374 7299 7706 39263 7909 1686 5112 344 314 88 575 11390 3512 2182 230 5212 3211 1242 1969 186 1056 767
internal_count=71259 24290 46969 8780 15510 5195 8211 3585 374 7299 7706 39263 7909 1686 5112 344 314 88 575 11390 3512 2182 230 5212 3211 1242 1969 186 1056 767
is_linear=0
shrinkage=0.03


Tree=44
num_leaves=31
num_cat=0
split_feature=4 13 14 14 14 4 8 14 4 14 9 9 12 1 6 8 14 4 14 4 3 14 9 4 9 7 10 8 8 5
split_gain=5902.57 745.293 717.887 323.887 319.163 302.652 196.266 151.74 192.535 150.555 148.02 142.696 236.519 152.238 195.202 130.302 165.468 122.513 119.239 118.377 117.824 103.042 103.017 89.4407 85.151 146.782 119.672 154.461 118.524 104.232
threshold=36.416666666666679 1.0000000180025095e-35 53.500000000000007 59.500000000000007 40.500000000000007 79.833333333333357 1.0000000180025095e-35 86.500000000000014 82.166666666666671 99.500000000000014 3.166666666666667 1.8333333333333337 3.5000000000000004 3.4500000000000006 2.9000000000000017 1.0000000180025095e-35 102.50000000000001 7.8333333333333348 49.500000000000007 5.8333333333333348 1.5000000000000002 140.50000000000003 inf 74.833333333333357 1.1666666666666667 8.7225000000000019 1.8333333333333337 1.0000000180025095e-35 1.0000000180025095e-35 79.450000000000017
decision_type=10 2 2 2 2 10 2 2 10 2 10 8 2 10 10 2 2 8 2 10 10 2 8 10 8 10 10 2 2 10
left_child=1 3 4 19 -2 15 10 24 -9 17 20 12 13 -8 -15 16 -4 -5 -3 -1 -6 -10 -20 -13 25 -7 27 -26 -27 -29
right_child=2 18 5 9 6 7 11 8 21 -11 -12 23 -14 14 -16 -17 -18 -19 22 -21 -22 -23 -24 -25 26 28 -28 29 -30 -31
leaf_value=-0.0058271730243092436 -0.0089980619512125201 -0.0084912429602157363 0.0076397764364591475 -0.0083019551515047044 0.0024447392451223443 0.026054836189377827 0.016740259491575961 0.11729402244091033 0.043124202580968288 0.077579142649968458 -0.014513261456413478 0.00068869052420516142 0.0036628894815135464 0.053437976509748221 0.021322508798508007 0.019670298386848955 0.064013188928365702 0.019632745074627856 -0.0045027077546456956 0.0022712514708009392 0.010428169612601953 -0.01507038491219282 0.04318612632006634 0.012265008484211566 0.0048479529172655638 0.031248955403632941 0.031595817931965878 0.0047759070502863986 0.079147577574071676 0.031237597772303744
leaf_weight=2343 861 32290 1974 168 2801 1064 2935 30 314 36 295 1028 1036 251 530 2082 48 889 7205 5297 4098 30 41 1445 649 94 596 176 92 561
leaf_count=2343 861 32290 1974 168 2801 1064 2935 30 314 36 295 1028 1036 251 530 2082 48 889 7205 5297 4098 30 41 1445 649 94 596 176 92 561
internal_value=-5.84291e-11 -0.00595878 0.0125108 0.00197291 0.00874514 0.0199739 0.00980464 0.0263148 0.0444056 0.0172476 0.00629704 0.0132972 0.0163387 0.0198726 0.0316439 0.0144023 0.00897802 0.0151928 -0.00771079 -0.000212336 0.00718689 0.0380491 -0.00423287 0.00745286 0.0242214 0.0303531 0.0203543 0.0155203 0.0549407 0.0249184
internal_weight=71259 48269 22990 8733 15280 7710 14419 3606 374 1093 7194 7225 4752 3716 781 4104 2022 1057 39536 7640 6899 344 7246 2473 3232 1250 1982 1386 186 737
internal_count=71259 48269 22990 8733 15280 7710 14419 3606 374 1093 7194 7225 4752 3716 781 4104 2022 1057 39536 7640 6899 344 7246 2473 3232 1250 1982 1386 186 737
is_linear=0
shrinkage=0.03


Tree=45
num_leaves=31
num_cat=0
split_feature=4 14 4 7 14 4 14 4 4 14 3 11 3 5 0 10 13 14 10 10 11 1 3 1 14 11 1 1 7 3
split_gain=5557.13 840.505 431.777 374.72 315.32 255.744 191.262 170.782 148.82 211.867 125.799 119.153 113.174 171.92 109.028 107.572 98.0716 104.311 97.4475 92.5624 81.6534 95.5681 78.7914 140.48 100.014 129.267 104.519 125.917 116.447 217.193
threshold=29.166666666666668 50.500000000000007 4.8333333333333348 5.9100000000000019 40.500000000000007 81.833333333333357 45.500000000000007 55.833333333333336 83.416666666666671 104.50000000000001 8.5000000000000018 1.5334677419354843 1.5000000000000002 19.900000000000002 1.1666666666666667 1.5833333333333337 1.0000000180025095e-35 77.500000000000014 inf 3.416666666666667 3.5004761904761907 5.4500000000000011 15.500000000000002 7.6750000000000007 70.500000000000014 0.54410884353741518 7.4500000000000011 5.7750000000000012 7 6.5000000000000009
decision_type=10 2 8 10 2 10 2 10 10 2 10 8 10 10 10 10 2 2 8 10 10 10 10 10 2 10 10 10 10 10
left_child=2 4 18 8 -2 10 -4 -5 9 12 -6 -8 -3 -14 -15 -12 17 -13 -1 20 -7 -22 23 24 25 -9 27 28 29 -26
right_child=1 3 6 7 5 19 11 22 -10 -11 15 16 13 14 -16 -17 -18 -19 -20 -21 21 -23 -24 -25 26 -27 -28 -29 -30 -31
leaf_value=-0.0078293438218775789 -0.0082106235157228032 0.0061092979623715545 -0.0061022767957730857 -0.00063550240185577416 0.0037473254707442931 0.010541685868329674 -4.2739016911485753e-05 0.057056168393110451 0.021032207333589743 0.088417917117476458 0.0055842819074382955 0.011687387055551101 0.053359361553016016 0.037140044029423377 0.012094355438562108 0.048125776171994705 -0.0011451596762638925 0.045508818202228705 0.026175965644713296 0.036463129076774098 0.025769268698194622 -0.0032362475527114554 0.00118257910115542 0.052587025240765348 0.032385655418914902 0.02033578028148731 -0.02003837016224861 0.052224441492411344 0.019403055565897373 0.11088406564811101
leaf_weight=36896 1188 2375 3015 192 8012 5547 3236 92 2003 32 106 1218 101 166 2713 108 549 88 76 140 631 122 91 219 170 1388 30 316 400 39
leaf_count=36896 1188 2375 3015 192 8012 5547 3236 92 2003 32 106 1218 101 166 2713 108 549 88 76 140 631 122 91 219 170 1388 30 316 400 39
internal_value=-8.19877e-12 0.010993 -0.00638465 0.0176531 0.00665473 0.00785887 -0.000114156 0.0267179 0.0140505 0.0114545 0.00435365 0.00343214 0.0109946 0.0148881 0.0135385 0.0270538 0.00949397 0.0139663 -0.00775944 0.0123362 0.0118001 0.0210698 0.0286311 0.0295723 0.0275024 0.0226184 0.0350712 0.0368586 0.0288855 0.0470337
internal_weight=71259 26181 45078 10327 15854 14666 8106 2937 7390 5387 8226 5091 5355 2980 2879 214 1855 1306 36972 6440 6300 753 2745 2654 2435 1480 955 925 609 209
internal_count=71259 26181 45078 10327 15854 14666 8106 2937 7390 5387 8226 5091 5355 2980 2879 214 1855 1306 36972 6440 6300 753 2745 2654 2435 1480 955 925 609 209
is_linear=0
shrinkage=0.03


Tree=46
num_leaves=31
num_cat=0
split_feature=13 14 4 7 14 14 8 4 14 8 12 10 4 11 14 14 4 12 5 4 11 11 0 2 12 5 5 10 12 5
split_gain=5240.88 927.118 488.627 441.391 247.394 197.889 186.434 175.843 174.002 150.316 163.583 146.659 136.418 129.987 126.431 112.873 152.581 143.935 137.287 129.097 135.664 141.146 114.284 106.377 103.204 95.6225 90.9554 90.8757 90.5925 85.4603
threshold=1.0000000180025095e-35 50.500000000000007 41.583333333333336 5.8500000000000023 119.50000000000001 40.500000000000007 1.0000000180025095e-35 83.416666666666671 54.500000000000007 1.0000000180025095e-35 1.5000000000000002 0.83333333333333337 6.166666666666667 2.1889822412049011 113.50000000000001 64.500000000000014 69.416666666666671 1.0000000180025095e-35 81.450000000000017 48.416666666666679 2.2284161490683236 2.4857368896925864 3.8333333333333335 0.021974468166476052 4.5000000000000009 86.63333333333334 45.45000000000001 0.83333333333333337 1.0000000180025095e-35 88.26666666666668
decision_type=2 2 10 10 2 2 2 10 2 2 2 10 8 10 2 2 10 2 10 10 10 10 10 10 2 10 10 8 2 10
left_child=1 2 -1 4 7 -4 24 12 23 27 13 -12 -3 -11 -8 -14 17 -17 -18 -19 -21 -22 -23 -2 -5 -16 -10 -7 -15 -13
right_child=8 3 5 6 -6 9 14 -9 26 10 11 29 15 28 25 16 18 19 -20 20 21 22 -24 -25 -26 -27 -28 -29 -30 -31
leaf_value=-0.0013636026891939393 -0.0086220623091686471 -0.0061359069670388188 -0.0066474054317458425 0.017475718020461498 0.094781681949442087 -0.0015171040774015682 0.031431421468532318 0.02038858784976209 -0.0023882666324184852 0.012686494846720419 -0.0041251403647020865 0.0084884536635032766 0.0089462904217524047 0.019560175287685753 0.090429877623915675 0.0058946973062574369 -0.010841421621698367 0.019154292063539954 0.049899936180848342 0.027964939495483881 0.11975047844694926 0.030600252874195575 0.097890439454105596 -0.0052200859033750156 0.060094491798641542 0.036643402059325723 0.012002975403136768 0.0082462018404626265 0.036842734972534645 0.020256311444563902
leaf_weight=6387 25594 431 692 1455 33 1059 1277 1965 3010 1259 623 1827 4713 659 60 359 237 598 39 259 32 85 31 12223 53 59 455 4521 466 798
leaf_count=6387 25594 431 692 1455 33 1059 1277 1965 3010 1259 623 1827 4713 659 60 359 237 598 39 259 32 85 31 12223 53 59 455 4521 466 798
internal_value=-5.58275e-11 0.0095475 0.00533045 0.0161481 0.0127953 0.00892209 0.0262871 0.0124861 -0.00693294 0.00988304 0.0133406 0.00896028 0.0101971 0.0193084 0.0341874 0.0113051 0.018084 0.0222002 -0.0022584 0.0280247 0.0410579 0.0639705 0.048583 -0.00752249 0.0189736 0.0637626 -0.000498508 0.00639327 0.026719 0.0120659
internal_weight=71259 29977 18291 11686 8782 11904 2904 8749 41282 11212 5632 3248 6784 2384 1396 6353 1640 1364 276 1005 407 148 116 37817 1508 119 3465 5580 1125 2625
internal_count=71259 29977 18291 11686 8782 11904 2904 8749 41282 11212 5632 3248 6784 2384 1396 6353 1640 1364 276 1005 407 148 116 37817 1508 119 3465 5580 1125 2625
is_linear=0
shrinkage=0.03


Tree=47
num_leaves=31
num_cat=0
split_feature=2 3 7 4 4 9 8 9 8 12 8 9 4 6 0 9 7 7 2 6 3 0 2 11 2 0 9 4 4 3
split_gain=4933.51 752.163 404.913 247.945 224.248 190.114 145.526 128.965 110.098 104.102 101.071 100.513 94.4273 124.727 89.5237 81.5925 78.8834 76.6607 76.2984 75.7829 72.8802 72.4487 70.4519 68.9379 81.756 68.0137 67.3671 78.4542 87.4983 74.4923
threshold=0.77961009061317343 1.5000000000000002 5.5100000000000016 3.416666666666667 50.416666666666679 1.4166666666666667 1.0000000180025095e-35 1.1666666666666667 1.0000000180025095e-35 4.5000000000000009 1.0000000180025095e-35 1.0000000180025095e-35 89.833333333333357 1.633333333333334 10.16666666666667 0.41666666666666669 2.5225000000000009 6.3900000000000015 1.875526244199188 1.5333333333333341 -1.4999999999999998 8.8333333333333339 1.5409457153185044 2.8390292977376457 0.86218370619243634 11.16666666666667 2.8333333333333335 54.833333333333336 65.416666666666671 15.500000000000002
decision_type=10 10 10 8 10 10 2 10 2 2 2 8 10 10 10 10 10 10 10 10 10 10 10 10 10 10 8 10 10 10
left_child=3 4 5 -1 -2 8 9 11 -3 26 -9 -6 -13 -14 21 -5 -12 22 -7 -20 -17 -8 -15 24 -10 -16 27 -4 -29 -30
right_child=1 2 6 15 7 18 14 10 23 -11 16 12 13 17 25 20 -18 -19 19 -21 -22 -23 -24 -25 -26 -27 -28 28 29 -31
leaf_value=-0.0073885331784117308 4.7875878345948283e-07 0.011418980587696814 -0.01791550849460893 0.0057615073001597737 -0.011727538361907177 0.0011863958222096608 0.02971611402267051 -0.00011166646444505027 0.058747650361279158 0.056476237030100011 0.0024606367564797794 0.011090237704635788 0.067177617711652274 0.033609428513536155 0.097482375338673599 -0.016446012573976498 0.014470461346098119 0.065336794934489517 -0.0027836686965968943 0.010703345799654099 -0.0019765820569684033 -0.0004959095358848571 0.011372482508749646 0.027510986124669991 0.016030133039756752 0.034607144038891417 -0.0049903352698311204 0.044913046188238596 0.017961114836904515 -0.027639260427518322
leaf_weight=35831 5944 3671 54 1212 129 1312 1503 1878 41 59 835 1398 57 187 30 331 1199 33 414 3976 5856 75 408 681 2441 32 128 108 1403 33
leaf_count=35831 5944 3671 54 1212 129 1312 1503 1878 41 59 835 1398 57 187 30 331 1199 33 414 3976 5856 75 408 681 2441 32 128 108 1403 33
internal_value=1.31151e-10 0.00980321 0.0140765 -0.0063561 0.00415142 0.0115789 0.0232181 0.00818035 0.0149535 0.0172907 0.0049067 0.0139699 0.0155614 0.0246864 0.0296695 -0.00135634 0.00954017 0.0208297 0.00753431 0.00943145 -0.00275069 0.0282802 0.0183612 0.0190557 0.0167358 0.0650306 0.0159512 0.0176286 0.0188717 0.0169132
internal_weight=71259 28029 15961 43230 12068 12536 3425 6124 6834 1785 3912 2212 2083 685 1640 7399 2034 628 5702 4390 6187 1578 595 3163 2482 62 1726 1598 1544 1436
internal_count=71259 28029 15961 43230 12068 12536 3425 6124 6834 1785 3912 2212 2083 685 1640 7399 2034 628 5702 4390 6187 1578 595 3163 2482 62 1726 1598 1544 1436
is_linear=0
shrinkage=0.03


Tree=48
num_leaves=31
num_cat=0
split_feature=13 14 4 7 14 14 9 14 5 9 2 14 4 2 7 14 11 11 3 2 14 4 0 7 1 7 14 7 2 1
split_gain=4661.13 848.687 433.309 389.899 232.144 184.315 167.882 161.032 137.815 131.809 117.689 104.407 132.588 131.265 175.937 172.68 99.6093 97.5601 97.3566 94.6835 93.1152 92.7653 82.7984 78.52 78.1211 218.234 108.428 78.1014 74.7798 74.3348
threshold=1.0000000180025095e-35 50.500000000000007 41.583333333333336 5.8500000000000023 119.50000000000001 40.500000000000007 1.4166666666666667 54.500000000000007 75.90000000000002 1.8333333333333337 5.8981470417516997 109.50000000000001 55.833333333333336 3.8746182513504928 7.660000000000001 136.50000000000003 2.6989213998852555 4.0244680851063839 5.5000000000000009 0.021974468166476052 75.500000000000014 6.166666666666667 4.8333333333333348 4.6900000000000022 2.1000000000000005 4.9225000000000012 78.500000000000014 1.7400000000000009 1.7392393460537454 5.1000000000000005
decision_type=2 2 10 10 2 2 10 2 10 8 10 2 10 10 10 2 10 10 10 10 2 8 10 10 10 10 2 10 8 10
left_child=1 2 -1 4 6 -4 8 19 10 16 21 12 -5 -13 -15 17 -7 -16 -8 -2 29 -3 -9 -12 25 26 -23 -26 -28 -20
right_child=7 3 5 11 -6 9 18 22 -10 -11 23 13 -14 14 15 -17 -18 -19 20 -21 -22 24 -24 -25 27 -27 28 -29 -30 -31
leaf_value=-0.0013345352492701854 -0.0081427711082874658 -0.0054902677203480348 -0.0066745511278768497 -0.0050964383309392231 0.091587251099673181 0.0097224515318079241 0.0052247641693959485 -0.00089207536108097554 0.024834523398234921 0.004632828925640398 0.018799525829963384 -0.012304032323035327 0.024700102526341999 0.11148936041303582 0.091595252693763798 -0.026039957225322721 0.018053895698900778 0.037639974162818113 0.010195864903643452 -0.0049332231764375638 0.057402184132486579 0.014116320676022101 0.039199099559634125 0.084273517530630615 0.037791190846529724 0.09130416267897401 0.068182738149731331 0.0058501949343605494 0.018118636840581896 0.040440457494452943
leaf_weight=6387 25594 251 692 142 33 5868 3312 3418 1122 3688 32 33 2513 37 42 30 1656 107 489 12223 50 1931 47 34 73 35 58 1226 50 86
leaf_count=6387 25594 251 692 142 33 5868 3312 3418 1122 3688 32 33 2513 37 42 30 1656 107 489 12223 50 1931 47 34 73 35 58 1226 50 86
internal_value=1.10492e-10 0.00900396 0.00496922 0.0153192 0.012168 0.00835145 0.0118685 -0.00653824 0.0156274 0.00927885 0.0128278 0.0248485 0.0231065 0.0434231 0.051937 0.0396273 0.0115562 0.0528488 0.00727411 -0.0071054 0.018134 0.0121048 -0.00034827 0.0525286 0.0134141 0.0170274 0.0157524 0.00764519 0.0450049 0.0147194
internal_weight=71259 29977 18291 11686 8782 11904 8749 41282 4812 11212 3690 2904 2655 249 216 179 7524 149 3937 37817 625 3624 3465 66 3373 2074 2039 1299 108 575
internal_count=71259 29977 18291 11686 8782 11904 8749 41282 4812 11212 3690 2904 2655 249 216 179 7524 149 3937 37817 625 3624 3465 66 3373 2074 2039 1299 108 575
is_linear=0
shrinkage=0.03


Tree=49
num_leaves=31
num_cat=0
split_feature=4 3 4 6 4 9 1 9 11 10 11 9 10 11 9 12 0 6 6 11 5 4 9 6 6 2 0 6 2 10
split_gain=4393.15 629.077 337.001 307.597 181.945 140.991 119.8 115.849 94.9614 93.6242 168.549 91.2823 82.269 81.7608 93.1904 135.851 171.303 115.39 158.508 81.7925 104.609 226.665 81.0922 80.0117 76.9795 76.9578 73.5922 147.955 92.8066 98.6212
threshold=29.166666666666668 1.5000000000000002 4.8333333333333348 4.7666666666666684 81.833333333333357 1.4166666666666667 5.6333333333333337 2.8333333333333335 1.5334677419354843 1.8333333333333337 4.771548821548822 inf 2.166666666666667 1.5334677419354843 1.5833333333333337 2.5000000000000004 9.5000000000000018 9.0333333333333368 7.1333333333333355 0.54410884353741518 87.300000000000026 86.416666666666671 3.166666666666667 1.666666666666667 13.683333333333335 5.088837135982776 6.166666666666667 8.1833333333333371 4.4372869971023325 1.5833333333333337
decision_type=10 10 8 10 10 10 10 10 10 8 10 8 8 10 10 2 10 10 10 10 10 10 8 10 10 10 10 10 10 10
left_child=2 4 11 5 23 12 22 9 -4 10 -6 -1 -3 19 15 17 -17 18 -15 -8 21 -21 26 -2 -16 -7 27 -5 29 -29
right_child=1 3 8 6 7 25 13 -9 -10 -11 -12 -13 -14 14 24 16 -18 -19 -20 20 -22 -23 -24 -25 -26 -27 -28 28 -30 -31
leaf_value=-0.0069589791013386464 -0.0013141123153878917 0.011848026352528126 -0.0020583046347658149 0.017167524884499626 0.0067719180314152116 0.0057205055026736387 0.054374409489906746 -0.011675556009886255 0.0053507264704118641 0.020255092328184583 0.060115156517110094 0.025953044925669307 0.020416663939672453 0.023256245855565953 0.025975107359305274 0.049024230103407583 0.12871023027887268 0.013389488293280813 0.083161098846367423 0.0026943737243662674 -0.020950751158480461 0.090130687057971948 -0.0045883460555757793 0.0046808656547723017 -0.023326016570771893 0.021204977794880828 0.0073687684136202079 0.002459554107940715 0.04971813032429339 0.040076041506684347
leaf_weight=36896 3617 4191 6004 2874 1735 4238 39 193 2102 904 55 76 1328 92 354 112 31 163 70 124 78 34 147 4492 31 310 499 115 217 138
leaf_count=36896 3617 4191 6004 2874 1735 4238 39 193 2102 904 55 76 1328 92 354 112 31 163 70 124 78 34 147 4492 31 310 499 115 217 138
internal_value=8.913e-11 0.00977415 -0.00567676 0.0137314 0.0043094 0.0106869 0.0197197 0.0107769 -0.000137038 0.0123854 0.00841096 -0.00689132 0.0139098 0.0283521 0.032938 0.0419318 0.0662988 0.0312103 0.0491411 0.0141272 0.00747622 0.0215098 0.0172792 0.00200682 0.0220054 0.00677596 0.0181157 0.0197194 0.0353238 0.0229776
internal_weight=71259 26181 45078 15185 10996 10067 5118 2887 8106 2694 1790 36972 5519 1128 853 468 143 325 162 275 236 158 3990 8109 385 4548 3843 3344 470 253
internal_count=71259 26181 45078 15185 10996 10067 5118 2887 8106 2694 1790 36972 5519 1128 853 468 143 325 162 275 236 158 3990 8109 385 4548 3843 3344 470 253
is_linear=0
shrinkage=0.03


Tree=50
num_leaves=31
num_cat=0
split_feature=13 14 14 5 5 11 5 8 12 14 3 10 8 6 2 14 11 10 11 0 6 14 11 14 2 10 12 1 5 8
split_gain=4147.32 778.351 339.22 334.701 274.121 170.237 224.599 160.491 156.57 148.724 146.897 146.552 131.978 116.011 108.264 158.447 104.872 104.694 115.186 92.9826 130.093 243.225 97.3028 113.523 149.582 91.2866 91.6104 90.046 87.0703 146.471
threshold=1.0000000180025095e-35 50.500000000000007 108.50000000000001 44.633333333333333 62.900000000000006 2.4037371358799935 86.63333333333334 1.0000000180025095e-35 1.5000000000000002 54.500000000000007 1.5000000000000002 0.83333333333333337 1.0000000180025095e-35 4.416666666666667 1.3226772934755446 73.500000000000014 2.2501461988304099 1.8333333333333337 2.4857368896925864 6.8333333333333348 8.516666666666671 67.500000000000014 1.0157642965862146 78.500000000000014 5.088837135982776 1.8333333333333337 1.0000000180025095e-35 2.7750000000000004 79.100000000000009 1.0000000180025095e-35
decision_type=2 2 2 10 10 10 10 2 2 2 8 10 2 10 8 2 10 10 10 10 10 2 10 2 10 10 2 10 10 2
left_child=1 3 4 -1 10 6 -4 25 16 -2 -3 -10 -7 -6 15 -12 -9 28 19 20 22 -22 -19 24 27 -5 -27 -24 -15 -30
right_child=9 2 5 7 13 12 -8 8 11 -11 14 -13 -14 17 -16 -17 -18 18 -20 -21 21 -23 23 -25 -26 26 -28 -29 29 -31
leaf_value=-0.00037360322769849924 -0.0067124061850493775 0.0043244209312335432 0.13627347734805784 0.0014543884953387403 0.013022510364181278 0.011366020443580918 0.028401840990409252 0.011571879086282516 -0.0062543514757381858 -0.00021863761427106732 0.02386167956154258 0.010254564769816983 0.056728545214220535 0.010234176358405374 0.012108571798118689 0.096286365338150534 0.024279734840339975 0.018365328607712676 0.018917332647794802 0.0095498532358180271 0.036140890379852436 0.14547646594047547 0.055483936909586189 0.10043552292510867 0.088791278315351357 0.022411897857427147 0.0062009730898444594 0.014435551605855634 0.01261239163722996 0.031207408393432098
leaf_weight=7259 37817 2922 38 3578 2284 118 32 1278 594 3465 221 2612 113 826 2419 31 1077 167 535 89 47 30 76 32 47 397 1496 131 730 798
leaf_count=7259 37817 2922 38 3578 2284 118 32 1278 594 3465 221 2612 113 826 2419 31 1077 167 535 89 47 30 76 32 47 397 1496 131 730 798
internal_value=-7.84594e-11 0.0084932 0.014541 0.00462927 0.01371 0.045976 0.0869607 0.00792113 0.0115102 -0.00616735 0.00897281 0.00719583 0.0335563 0.0182844 0.014058 0.0327711 0.0173835 0.0217103 0.0291123 0.0379238 0.0426885 0.0787392 0.0365606 0.0471852 0.0404765 0.00427307 0.00960073 0.0295065 0.0180816 0.0223237
internal_weight=71259 29977 11686 18291 11385 301 70 11032 5561 41282 5593 3206 231 5792 2671 252 2355 3508 1154 619 530 77 453 286 254 5471 1893 207 2354 1528
internal_count=71259 29977 11686 18291 11385 301 70 11032 5561 41282 5593 3206 231 5792 2671 252 2355 3508 1154 619 530 77 453 286 254 5471 1893 207 2354 1528
is_linear=0
shrinkage=0.03


Tree=51
num_leaves=31
num_cat=0
split_feature=4 3 4 7 9 4 8 12 9 6 8 9 11 8 0 11 12 10 11 9 6 7 9 12 10 10 10 6 4 1
split_gain=3913.62 559.777 300.309 294.427 187.651 161.18 142.196 135.544 107.925 102.924 100.922 90.8378 89.2919 86.4708 91.0567 96.9915 86.4336 86.0941 157.458 85.6343 84.0927 82.1897 81.0342 105.098 78.5585 93.962 74.043 93.8346 91.1788 81.6174
threshold=29.166666666666668 1.5000000000000002 4.8333333333333348 5.8500000000000023 1.4166666666666667 81.833333333333357 1.0000000180025095e-35 4.5000000000000009 2.8333333333333335 8.2833333333333368 1.0000000180025095e-35 1.8333333333333337 1.5334677419354843 1.0000000180025095e-35 1.1666666666666667 2.8390292977376457 3.5000000000000004 1.8333333333333337 4.771548821548822 inf 1.666666666666667 5.9633333333333338 1.1666666666666667 2.5000000000000004 1.0000000180025095e-35 0.83333333333333337 1.4166666666666667 4.3166666666666691 48.833333333333336 3.1000000000000005
decision_type=10 10 8 10 10 10 2 2 10 10 2 8 10 2 10 10 2 8 10 8 10 10 10 2 10 10 8 10 10 10
left_child=2 5 19 4 9 10 7 -5 17 13 -2 16 -4 26 22 -16 20 18 -7 -1 -12 -19 23 -15 -6 -26 -3 -28 -29 -30
right_child=1 3 12 6 24 8 -8 -9 -10 -11 11 -13 -14 14 15 -17 -18 21 -20 -21 -22 -23 -24 -25 25 -27 27 28 29 -31
leaf_value=-0.0065700535390860364 -0.001566884438682418 0.0059488116335310757 -0.0019915651501876313 0.013583527535138357 0.027868111422225349 0.0063146410180871058 0.028251036922788495 0.064275559506246013 -0.011513415946398374 0.064182703790783488 0.0046857357215128667 -0.0010655014332783784 0.0051928920533802587 0.028216475461002276 0.013085524149600861 0.026210156618578787 -0.0013372375527785447 0.016738883275860594 0.05787295289583165 0.025307509172217624 0.016622453414680216 0.051755677177355838 0.0067024012371389701 0.075710254057749712 -0.00084485543479809633 0.0084316631282935119 0.010890790399561747 0.076677017912268636 0.035752334443386644 0.010598359729831891
leaf_weight=36896 3908 1569 6004 1523 155 1735 1424 49 193 37 977 1413 2102 115 2161 662 647 839 55 76 1164 65 66 66 1293 4095 1475 30 224 241
leaf_count=36896 3908 1569 6004 1523 155 1735 1424 49 193 37 977 1413 2102 115 2161 662 647 839 55 76 1164 65 66 66 1293 4095 1475 30 224 241
internal_value=-6.29712e-11 0.00922529 -0.00535798 0.0129582 0.0108871 0.00407032 0.0213841 0.0151636 0.0101576 0.0142866 0.00190312 0.0051311 -0.000128534 0.0140072 0.0176916 0.0161633 0.00827163 0.0117101 0.00789883 -0.00650453 0.0111754 0.0192567 0.0351584 0.0455346 0.00681126 0.00620551 0.0108111 0.0146837 0.0259859 0.0227155
internal_weight=71259 26181 45078 15185 12189 10996 2996 1572 2887 6646 8109 4201 8106 6609 3070 2823 2788 2694 1790 36972 2141 904 247 181 5543 5388 3539 1970 495 465
internal_count=71259 26181 45078 15185 12189 10996 2996 1572 2887 6646 8109 4201 8106 6609 3070 2823 2788 2694 1790 36972 2141 904 247 181 5543 5388 3539 1970 495 465
is_linear=0
shrinkage=0.03


Tree=52
num_leaves=31
num_cat=0
split_feature=13 7 4 9 8 11 9 2 12 0 0 11 12 12 10 10 5 4 11 9 11 0 11 2 2 2 5 4 0 2
split_gain=3690.44 634.506 317.15 200.341 189.174 135.9 135.864 132.6 120.536 172.215 108.724 87.107 94.3121 123.914 86.655 84.6923 92.8611 82.9054 82.3997 91.001 81.9248 81.8492 81.1205 78.448 74.875 79.2054 74.5802 71.7925 70.9979 70.3818
threshold=1.0000000180025095e-35 4.4225000000000003 25.166666666666668 1.8333333333333337 1.0000000180025095e-35 2.2284161490683236 1.4166666666666667 0.011294809428441101 1.5000000000000002 8.8333333333333339 10.16666666666667 4.348349567099568 1.5000000000000002 1.0000000180025095e-35 1.5833333333333337 3.416666666666667 89.100000000000009 89.583333333333357 0.032025641025641004 1.1666666666666667 1.5825131390348786 5.416666666666667 0.35430960055254984 1.7392393460537454 3.1158374122748791 3.017698664152324 75.100000000000009 55.500000000000007 8.8333333333333339 2.8895374989749318
decision_type=2 10 10 10 2 10 8 10 2 10 10 10 2 2 10 10 10 10 10 10 10 10 10 10 10 10 10 10 10 10
left_child=1 2 20 5 6 15 8 -2 -3 22 11 24 13 26 -8 18 -17 21 19 -4 -1 -15 -10 -5 25 27 -13 -6 -26 -29
right_child=7 4 3 23 10 -7 14 -9 9 -11 -12 12 -14 17 -16 16 -18 -19 -20 -21 -22 -23 -24 -25 28 -27 -28 29 -30 -31
leaf_value=-0.0019225833645252152 -0.007128850507005422 0.0080282613475407862 0.078226141364223525 -0.0011899384531912809 0.036709936495546408 0.014968927437118491 -0.001668661039904828 -0.0036128517318304138 -0.014072723151849849 0.082325769066810606 0.060330107695190233 -0.0048133711087015958 0.0033768811684690026 0.015339570049105621 0.013125608098004955 0.016308463433205914 0.064097034916605636 0.093456221406950674 0.007140504927909787 0.0081048962660133835 0.0065183275771239918 0.078294204070287601 0.023101049096760293 0.0060543535100706673 0.023763848447484807 -0.018337335945959661 0.036480048540634691 0.0079631637153793535 -0.010587983233854174 0.035517609240193114
leaf_weight=4844 25888 798 31 2261 115 3507 851 15394 56 43 64 52 76 41 613 179 46 51 8000 36 1316 34 934 3322 1638 71 162 685 56 95
leaf_count=4844 25888 798 31 2261 115 3507 851 15394 56 43 64 52 76 41 613 179 46 51 8000 36 1316 34 934 3322 1638 71 162 685 56 95
internal_value=1.01845e-10 0.00801174 0.00572983 0.00780271 0.0163599 0.0100182 0.0113386 -0.00581774 0.0167858 0.0235511 0.0216291 0.0208239 0.0335897 0.0403431 0.00452593 0.00792433 0.0260786 0.063946 0.00741798 0.0405491 -0.000119298 0.043879 0.0209983 0.00312056 0.0188274 0.0121621 0.0264461 0.0145817 0.0226283 0.0113192
internal_weight=71259 29977 23542 17382 6435 11799 3295 41282 1831 1033 3140 3076 416 340 1464 8292 225 126 8067 67 6160 75 990 5583 2660 966 214 895 1694 780
internal_count=71259 29977 23542 17382 6435 11799 3295 41282 1831 1033 3140 3076 416 340 1464 8292 225 126 8067 67 6160 75 990 5583 2660 966 214 895 1694 780
is_linear=0
shrinkage=0.03


Tree=53
num_leaves=31
num_cat=0
split_feature=2 3 1 5 4 8 9 10 9 12 11 8 9 9 10 9 11 4 9 12 1 12 4 0 1 0 1 3 12 5
split_gain=3479.4 536.151 230.924 176.521 166.089 142.827 119.952 147.425 107.439 106.242 103.882 101.708 98.53 93.6701 100.359 93.3307 87.0038 80.7984 82.2565 86.3874 77.9787 87.7514 87.2994 77.8571 70.2373 68.2857 63.6441 61.5675 61.4724 67.3308
threshold=0.77961009061317343 1.5000000000000002 3.3666666666666667 0.63333333333333341 49.166666666666679 1.0000000180025095e-35 1.4166666666666667 2.166666666666667 1.1666666666666667 4.5000000000000009 0.22566576309292571 1.0000000180025095e-35 1.0000000180025095e-35 1.1666666666666667 1.8333333333333337 0.41666666666666669 0.41190087145969506 89.833333333333357 0.58333333333333337 3.5000000000000004 5.6333333333333337 3.5000000000000004 86.416666666666671 10.16666666666667 1.3666666666666669 4.166666666666667 5.7750000000000012 -1.4999999999999998 3.5000000000000004 74.675000000000011
decision_type=10 10 10 8 10 2 10 8 10 2 10 2 8 10 10 10 10 10 8 2 10 2 10 10 10 10 10 10 2 10
left_child=3 4 6 -1 -2 9 7 -3 12 13 -7 -10 -6 20 16 -5 -15 -14 19 -19 21 -4 -23 -12 -20 -11 -13 -17 29 -26
right_child=1 2 5 15 8 10 -8 -9 11 25 23 26 17 14 -16 27 -18 18 24 -21 -22 22 -24 -25 28 -27 -28 -29 -30 -31
leaf_value=-0.0065249813822866364 -0.0002025335906820744 0.009111859141974021 0.00928206090081596 0.0045047585497563093 -0.013091300655452704 -0.033611004679734185 0.005303629832488773 0.020678489271076014 -0.0010789864332428943 0.077192056683056495 0.020874974908524527 0.0077995859182362886 0.0096056383180556718 0.040614066226780418 0.016458047714233048 -0.015991926746083851 0.00022378244252410951 0.030326776691446348 0.041325826034404926 0.087648746240884062 0.031152311559258537 0.059438957383527474 0.013465070728121734 0.054323148722760374 0.054624925497919322 0.024288304529843791 0.048598242172173088 -0.0028613412279679998 -0.0084669375901713084 0.01329036277144576
leaf_weight=31247 5792 3979 792 1599 132 31 4424 1321 1926 34 2930 2048 1450 50 639 332 1199 112 88 30 286 68 82 64 40 62 35 10052 102 313
leaf_count=31247 5792 3979 792 1599 132 31 4424 1321 1926 34 2930 2048 1450 50 639 332 1199 112 88 30 286 68 82 64 40 62 35 10052 102 313
internal_value=-8.5103e-11 0.00823271 0.0118406 -0.00533783 0.003461 0.0163462 0.0089506 0.0119948 0.00684201 0.0119406 0.0210243 0.00389034 0.0120618 0.0109829 0.00678798 -0.00224221 0.00184069 0.0136169 0.022108 0.0424371 0.0174324 0.0132669 0.0343066 0.02159 0.0167918 0.0430251 0.00848511 -0.00328116 0.0120467 0.0179742
internal_weight=71259 28029 15961 43230 12068 6237 9724 5300 6276 3212 3025 4009 2267 3116 1888 11983 1249 2135 685 142 1228 942 150 2994 543 96 2083 10384 455 353
internal_count=71259 28029 15961 43230 12068 6237 9724 5300 6276 3212 3025 4009 2267 3116 1888 11983 1249 2135 685 142 1228 942 150 2994 543 96 2083 10384 455 353
is_linear=0
shrinkage=0.03


Tree=54
num_leaves=31
num_cat=0
split_feature=6 14 6 14 8 14 4 12 14 4 7 10 14 2 10 8 2 4 11 4 11 14 6 12 2 7 14 11 5 4
split_gain=3290.88 439.306 416.724 202.043 185.996 161.077 157.073 187.632 134.212 120.04 119.164 116.081 135.267 136.697 107.338 109.522 98.0376 97.4566 96.3433 352.161 142.927 132.429 95.7786 89.8287 88.0984 87.5006 122.112 86.5433 139.2 118.238
threshold=1.5666666666666671 65.500000000000014 0.099999999999999964 40.500000000000007 1.0000000180025095e-35 47.500000000000007 52.833333333333336 3.5000000000000004 108.50000000000001 47.833333333333336 10.363333333333335 1.8333333333333337 62.500000000000007 3.4863836773153811 2.166666666666667 1.0000000180025095e-35 2.5257437869417929 78.166666666666671 2.9447831978319789 89.833333333333357 4.9851441631504931 121.50000000000001 8.7833333333333368 4.5000000000000009 1.4936395955802928 2.5675000000000008 74.500000000000014 1.9298513050919988 86.63333333333334 72.500000000000014
decision_type=10 2 8 2 2 2 10 2 2 10 10 8 2 10 10 2 8 10 10 10 10 2 10 2 10 10 2 10 10 10
left_child=2 3 -1 -2 11 17 -6 10 9 25 -8 23 24 -14 15 -11 -7 -4 19 -10 -20 -22 -23 -5 -13 26 -3 28 -16 -29
right_child=1 8 5 4 6 16 7 -9 18 14 -12 12 13 -15 27 -17 -18 -19 20 -21 21 22 -24 -25 -26 -27 -28 29 -30 -31
leaf_value=-0.0059659129090975016 -0.0078916115091300348 0.0017699010142435629 -0.0037997423789380646 0.0022345836735797203 0.0037592592451052959 0.002623787544161075 0.015615509104998064 0.0042279961511491829 0.12031413129065184 0.010122451993737019 0.073669283241033556 -0.0010037699139712755 0.014335703972261398 0.075774354230273858 0.035237819141212608 0.024715859173348592 0.015018873115009426 0.012781861200234342 -0.0059453244910046858 0.0013631848671606609 0.08246016504036055 0.057066686745733022 -0.0057892303448170424 0.022208447186010224 0.011306800400064073 -0.0033784982799898739 0.047672768400123945 0.052500671230256556 0.098429468878145729 0.010996985867770795
leaf_weight=36614 710 126 5975 5785 1905 5306 5717 1567 48 892 32 664 80 55 124 962 644 337 74 42 54 40 48 210 2467 363 89 90 42 197
leaf_count=36614 710 126 5975 5785 1905 5306 5717 1567 48 892 32 664 80 55 124 962 644 337 74 42 54 40 48 210 2467 363 89 90 42 197
internal_value=-3.97276e-11 0.00952678 -0.00436284 0.00781302 0.00841633 0.000423911 0.0114324 0.0134304 0.019834 0.0178303 0.0159386 0.00541331 0.00996381 0.0393663 0.0208933 0.0176947 0.00396537 -0.00291444 0.0387255 0.0648037 0.0278596 0.0454763 0.0227816 0.00293425 0.00869606 0.00560465 0.0207716 0.0339845 0.0512261 0.0240121
internal_weight=71259 22383 48876 19192 18482 12262 9221 7316 3191 2885 5749 9261 3266 135 2307 1854 5950 6312 306 90 216 142 88 5995 3131 578 215 453 166 287
internal_count=71259 22383 48876 19192 18482 12262 9221 7316 3191 2885 5749 9261 3266 135 2307 1854 5950 6312 306 90 216 142 88 5995 3131 578 215 453 166 287
is_linear=0
shrinkage=0.03


Tree=55
num_leaves=31
num_cat=0
split_feature=13 14 4 14 4 14 5 14 3 12 2 10 9 4 2 9 10 2 12 10 6 9 2 4 14 10 2 6 3 7
split_gain=3108.09 652.861 289.136 282.438 251.378 159.969 142.512 131.41 126.962 130.532 127.643 114.094 109.56 104.747 100.129 91.8039 88.5245 87.8595 85.6283 140.883 79.3517 75.6685 108.101 117.47 212.961 83.5391 105.188 111.059 75.7967 105.809
threshold=1.0000000180025095e-35 50.500000000000007 40.416666666666679 108.50000000000001 83.416666666666671 40.500000000000007 64.63333333333334 46.500000000000007 1.5000000000000002 2.5000000000000004 1.4936395955802928 1.5833333333333337 3.166666666666667 57.833333333333336 2.2668965829291587 inf 0.83333333333333337 3.8746182513504928 1.5000000000000002 3.416666666666667 12.616666666666669 1.1666666666666667 1.618419136455451 84.833333333333357 60.500000000000007 1.8333333333333337 7.7255471869905437 4.2666666666666684 2.5000000000000004 7.3500000000000005
decision_type=2 2 10 2 10 2 10 2 8 2 10 10 8 10 10 8 8 10 2 10 10 8 10 10 2 10 10 10 10 10
left_child=1 2 -1 4 8 -4 -5 -2 -3 -10 11 -11 18 15 -12 -9 -14 -8 -7 -20 -19 22 -6 24 -24 -23 27 -27 -29 -30
right_child=7 3 5 6 21 12 17 13 9 10 14 -13 16 -15 -16 -17 -18 20 19 -21 -22 25 23 -25 -26 26 -28 28 29 -31
leaf_value=-0.0013937444279790039 -0.0064637571473833873 0.0048839746699440049 -0.0073393832918012755 0.082946076095104224 0.068735175736364895 0.011100325052191322 -0.010591056546882579 -0.0034091041506014007 0.0084634977929448109 0.020950318314135075 0.0020675387302647808 0.075203914212232284 -0.025517599286856249 0.013227271800359394 0.020614171543652995 0.041020325331815648 0.0024631940291263165 0.050261330428719518 0.0050469188867421407 0.036491680827048671 0.0075578052522438871 0.011702136870428453 0.016934355766010972 0.020319969930743666 0.11109368875622749 0.0093841994797591779 -0.027587287480180911 0.024167525495504032 0.069209305026341927 0.023951511480845511
leaf_weight=6294 28637 3486 703 60 48 4634 38 12246 2703 74 334 66 154 357 1215 42 300 150 6075 131 53 1567 52 1164 37 204 33 211 111 80
leaf_count=6294 28637 3486 703 60 48 4634 38 12246 2703 74 334 66 154 357 1215 42 300 150 6075 131 53 1567 52 1164 37 204 33 211 111 80
internal_value=-2.11034e-11 0.00735249 0.00381372 0.0128914 0.012133 0.00654572 0.041575 -0.00533902 0.00915879 0.0125518 0.0190945 0.046527 0.00741001 -0.00279185 0.0166151 -0.00325725 -0.00702809 0.0312751 0.0080147 0.00571067 0.0391121 0.0188143 0.0245525 0.0228599 0.0560792 0.0154302 0.0245723 0.0274127 0.0365614 0.0502532
internal_weight=71259 29977 18291 11686 11385 11997 301 41282 7878 4392 1689 140 11294 12645 1549 12288 454 241 10840 6206 203 3507 1301 1253 89 2206 639 606 402 191
internal_count=71259 29977 18291 11686 11385 11997 301 41282 7878 4392 1689 140 11294 12645 1549 12288 454 241 10840 6206 203 3507 1301 1253 89 2206 639 606 402 191
is_linear=0
shrinkage=0.03


Tree=56
num_leaves=31
num_cat=0
split_feature=6 13 14 3 14 10 14 4 8 14 10 8 4 5 1 1 14 7 6 14 1 5 6 5 14 7 14 3 14 10
split_gain=2925.02 407.707 397.001 183.139 129.969 119.022 117.157 109.371 104.643 100.066 99.1467 103.708 96.0461 92.656 91.58 91.263 86.5832 86.3875 161.941 134.849 92.7254 104.263 88.0146 82.7494 95.1752 81.7097 114.372 116.201 81.3604 87.0518
threshold=1.5666666666666671 1.0000000180025095e-35 65.500000000000014 1.5000000000000002 45.500000000000007 0.83333333333333337 108.50000000000001 47.833333333333336 1.0000000180025095e-35 72.500000000000014 2.166666666666667 1.0000000180025095e-35 59.833333333333336 61.45000000000001 8.3666666666666689 2.1000000000000005 64.500000000000014 7.7800000000000011 7.1333333333333355 136.50000000000003 5.5500000000000007 88.675000000000011 12.616666666666669 55.366666666666674 75.500000000000014 2.5675000000000008 74.500000000000014 1.5000000000000002 46.500000000000007 inf
decision_type=10 2 2 10 2 10 2 10 2 2 10 2 10 10 10 10 2 10 10 2 10 10 10 10 2 10 2 10 2 8
left_child=1 4 3 8 12 15 7 25 -2 -6 11 -9 -1 16 -7 -5 -10 18 -8 20 -19 22 -22 24 -12 26 -4 -28 -3 -30
right_child=2 28 6 5 9 14 17 10 13 -11 23 -13 -14 -15 -16 -17 -18 19 -20 -21 21 -23 -24 -25 -26 -27 27 -29 29 -31
leaf_value=-0.0044212064200616318 9.8841296016213492e-05 -0.0063199361960975661 0.0015051027356336513 -0.0060734803351585433 0.003873475774876275 0.011054231321512535 0.033522302685557184 0.0093889903123260815 0.0010843925183344994 0.026457258029230182 0.10060202902648598 0.023589742633566384 0.0080467586465385633 0.011293623416815434 0.054438501420346168 0.007311091417462068 0.044168976810435912 -0.009896602020598947 0.11343550365756858 -0.029660787968074573 0.088833425683634615 0.011053445944760707 0.025154871582984923 0.027307649818927887 0.026224226906895638 -0.0034425808797101682 0.0079891586378216754 0.076900824387082636 -0.0034797148437209105 0.03978971510061196
leaf_weight=3503 3669 28016 126 632 5031 9191 74 892 1768 183 32 962 661 2175 44 1670 43 32 33 34 56 47 30 391 30 363 40 49 11440 42
leaf_count=3503 3669 28016 126 632 5031 9191 74 892 1768 183 32 962 661 2175 44 1670 43 32 33 34 56 47 30 391 30 363 40 49 11440 42
internal_value=5.82216e-11 -0.00411318 0.00898162 0.00735247 0.00150998 0.0097396 0.01878 0.0169079 0.00375477 0.00466612 0.0198316 0.0167574 -0.00244202 0.00711995 0.0112609 0.00363644 0.00210738 0.0364304 0.0581684 0.0247421 0.0359524 0.0469837 0.06662 0.0324134 0.0646128 0.00523822 0.0198946 0.0459293 -0.00544828 -0.00332144
internal_weight=71259 48876 22383 19192 9378 11537 3191 2885 7655 5214 2307 1854 4164 3986 9235 2302 1811 306 107 199 165 133 86 453 62 578 215 89 39498 11482
internal_count=71259 48876 22383 19192 9378 11537 3191 2885 7655 5214 2307 1854 4164 3986 9235 2302 1811 306 107 199 165 133 86 453 62 578 215 89 39498 11482
is_linear=0
shrinkage=0.03


Tree=57
num_leaves=31
num_cat=0
split_feature=4 3 4 6 4 10 8 10 11 8 10 12 12 5 5 11 11 0 10 11 6 2 6 2 10 11 5 12 6 6
split_gain=2756.24 405.987 213.858 207.09 121.802 121.194 107.214 88.3847 121.67 85.4834 81.1894 141.846 103.938 83.3639 100.18 78.9063 77.1307 74.334 75.2434 102.32 77.5285 122.205 96.8509 93.7027 73.3626 69.1184 93.2257 106.422 68.8444 74.0585
threshold=29.166666666666668 1.5000000000000002 4.8333333333333348 4.6166666666666689 81.833333333333357 3.416666666666667 1.0000000180025095e-35 1.8333333333333337 4.771548821548822 1.0000000180025095e-35 1.4166666666666667 3.5000000000000004 1.0000000180025095e-35 51.100000000000009 57.100000000000009 1.5334677419354843 4.348349567099568 10.833333333333334 1.8333333333333337 2.4590036014405769 9.0333333333333368 7.1842763477730314 6.2666666666666684 5.8981470417516997 inf 1.092667264038232 86.63333333333334 2.5000000000000004 8.4166666666666696 7.200000000000002
decision_type=10 10 8 10 10 10 2 8 10 2 8 2 2 10 10 10 10 10 10 10 10 10 10 10 8 10 10 2 10 10
left_child=2 4 24 6 9 16 10 8 -6 -2 11 -3 -12 -13 -15 -4 17 18 -5 20 22 -22 23 -20 -1 -24 27 -27 29 -11
right_child=1 3 15 5 7 -7 -8 -9 -10 28 12 13 -14 14 -16 -17 -18 -19 19 -21 21 -23 25 -25 -26 26 -28 -29 -30 -31
leaf_value=-0.0055246542196301556 -0.0017256987976361788 -0.0023528311409571176 -0.0018347856851815751 0.010549738951201678 0.0036760959573623716 0.050740575816096929 0.011512965546585882 0.016245910719031059 0.046721955997044921 0.0044908106517629895 0.020771977933120987 -0.0029476165128380105 0.0058431424996267609 0.063828364376850591 0.016978388711513002 0.0049189429086935197 0.02404204438053606 0.049618257380583709 0.026173140417175094 0.0079480615977791883 0.065593702983152993 0.00072209442789490153 -0.0069638570645557986 0.074732752588505924 0.023980559177304569 -0.023970048568885901 0.053406916095742156 0.027110074244253338 0.048273648172616958 -0.037044500387631928
leaf_weight=36896 3908 1954 6004 3094 1894 87 4785 932 61 4130 535 161 1948 47 326 2102 739 51 431 508 89 37 140 39 76 58 56 100 32 39
leaf_count=36896 3908 1954 6004 3094 1894 87 4785 932 61 4130 535 161 1948 47 326 2102 739 51 431 508 89 37 140 39 76 58 56 100 32 39
internal_value=8.77672e-11 0.00774193 -0.00449646 0.010921 0.00335184 0.0156174 0.00830749 0.00864349 0.00501921 0.00146788 0.00522196 0.00139184 0.00905979 0.0150942 0.0228817 -8.34487e-05 0.0150454 0.013601 0.0131975 0.0188162 0.0246277 0.0465441 0.0212764 0.0302026 -0.005464 0.0094254 0.0201473 0.00835914 0.00443872 0.00410226
internal_weight=71259 26181 45078 15185 10996 5429 9756 2887 1955 8109 4971 2488 2483 534 373 8106 5342 4603 4552 1458 950 126 824 470 36972 354 214 158 4201 4169
internal_count=71259 26181 45078 15185 10996 5429 9756 2887 1955 8109 4971 2488 2483 534 373 8106 5342 4603 4552 1458 950 126 824 470 36972 354 214 158 4201 4169
is_linear=0
shrinkage=0.03


Tree=58
num_leaves=31
num_cat=0
split_feature=13 14 14 14 5 5 9 11 5 14 9 11 11 9 12 5 3 11 7 3 7 11 12 8 14 5 14 10 3 7
split_gain=2606.55 576.282 245.604 231.41 187.217 183.771 178.48 161.374 278.599 119.537 114.411 105.174 171.746 109.1 98.369 111.08 113.116 101.149 96.8247 94.9853 225.435 92.6036 164.921 90.5744 88.4003 152.974 82.364 82.2023 76.299 141.993
threshold=1.0000000180025095e-35 50.500000000000007 108.50000000000001 40.500000000000007 27.450000000000003 75.450000000000017 1.1666666666666667 2.0266405689696394 86.63333333333334 54.500000000000007 3.166666666666667 2.5559732664995827 2.3806498978549544 1.0000000180025095e-35 1.5000000000000002 73.100000000000009 1.5000000000000002 1.6001145475372283 6.910000000000001 9.5000000000000018 7.7800000000000011 2.7223124098124107 1.5000000000000002 1.0000000180025095e-35 74.500000000000014 23.100000000000005 64.500000000000014 0.83333333333333337 2.5000000000000004 5.9100000000000019
decision_type=2 2 2 2 10 10 8 10 10 2 8 10 10 10 2 10 10 8 10 10 10 10 2 2 2 10 2 8 10 10
left_child=1 3 5 -1 -5 14 11 8 -4 -2 21 12 13 -7 17 16 -16 -3 24 20 -15 -6 -23 -9 28 -26 -22 -12 29 -18
right_child=9 2 7 4 10 6 -8 23 -10 -11 27 -13 -14 19 15 -17 18 -19 -20 -21 26 22 -24 -25 25 -27 -28 -29 -30 -31
leaf_value=-0.0087455165830516938 -0.0053779724648036487 -0.0027787919568130746 0.14347319057676941 -0.00082263198070767153 0.005536550672089211 -0.014307191555901448 0.011463312705385309 0.0088764722507540927 0.01728296624256238 0.0004438301503811499 -0.025406714684881822 0.016900874260836724 0.086967498639370408 0.026983757808210291 0.006904452187793373 -0.012746244942337819 0.017172536053698687 0.0083902988435606805 0.038768600869814263 -0.010355714725499803 0.046650467594464617 0.018267390064272492 0.0018264727349021394 0.045890424603052406 0.093092702070716765 0.022911646631525246 0.10160510765181646 0.00067373900198774398 0.0073326239484665266 0.080763638534329149
leaf_weight=1309 37817 1125 32 4600 9534 49 2489 119 31 3465 162 785 49 489 1817 164 746 2077 170 44 45 1483 872 119 32 221 54 331 996 33
leaf_count=1309 37817 1125 32 4600 9534 49 2489 119 31 3465 162 785 49 489 1817 164 746 2077 170 44 45 1483 872 119 32 221 54 331 996 33
internal_value=-8.92596e-11 0.00673319 0.0119371 0.00340844 0.00434529 0.0112299 0.0164049 0.038685 0.0813796 -0.00488932 0.00626521 0.0245234 0.0327201 0.0288169 0.00842268 0.0114543 0.0124428 0.00446612 0.0170211 0.0321604 0.0353418 0.00685244 0.0121797 0.0273834 0.0151981 0.0317883 0.0766257 -0.00789631 0.0128334 0.0198664
internal_weight=71259 29977 11686 18291 16982 11385 4004 301 63 41282 12382 1515 730 681 7381 4179 4015 3202 2198 632 588 11889 2355 238 2028 253 99 493 1775 779
internal_count=71259 29977 11686 18291 16982 11385 4004 301 63 41282 12382 1515 730 681 7381 4179 4015 3202 2198 632 588 11889 2355 238 2028 253 99 493 1775 779
is_linear=0
shrinkage=0.03


Tree=59
num_leaves=31
num_cat=0
split_feature=6 13 14 14 5 14 9 9 9 10 7 2 3 4 6 11 14 7 6 3 14 6 5 11 3 9 6 4 5 7
split_gain=2459.16 379.894 324.844 170.692 147.85 153.819 143.395 137.905 131.703 130.982 131.628 126.834 147.109 113.145 126.562 105.724 140.723 208.356 109.009 170.871 101.395 99.7313 111.619 98.6595 102.874 139.8 120.045 94.6394 131.162 93.3356
threshold=1.666666666666667 1.0000000180025095e-35 65.500000000000014 40.500000000000007 89.90000000000002 72.500000000000014 1.8333333333333337 1.4166666666666667 1.4166666666666667 3.166666666666667 3.8600000000000008 5.5239036364528928 15.500000000000002 82.416666666666671 12.616666666666669 3.0011337868480727 101.50000000000001 8.7225000000000019 6.8666666666666698 2.5000000000000004 45.500000000000007 8.1833333333333371 57.633333333333333 4.348349567099568 9.5000000000000018 1.5833333333333337 10.683333333333335 84.166666666666671 71.90000000000002 2.5675000000000008
decision_type=10 2 2 2 10 2 8 10 10 8 10 10 10 10 10 10 2 10 10 10 2 10 10 10 10 10 10 10 10 10
left_child=1 4 3 -2 5 20 21 9 -6 10 29 -9 13 -13 -15 16 -12 -18 -17 -20 -1 -5 -23 24 25 26 -24 28 -21 -4
right_child=2 -3 7 6 8 -7 -8 11 -10 -11 15 12 -14 14 -16 18 17 -19 19 27 -22 22 23 -25 -26 -27 -28 -29 -30 -31
leaf_value=-0.0032390404504537497 -0.007973617267297178 -0.0049991326757860624 0.024878304973469084 0.0088125756878510795 0.031570487522839731 0.027189183433818601 0.0036117915615490191 0.0053274601015786223 -0.0010568674375850057 0.076022094822511432 0.030020287568314746 0.0089872384727932523 -0.034386229555715214 0.055891354285007293 -0.0090841461159288876 0.032427355786128528 0.1346306507717818 0.029469418949805773 -0.026618337570735721 0.007639775889260428 0.0030506319337868229 0.074742045968770973 0.0020779391264002171 0.055143816225744526 -0.016976574964821339 0.065433211541681927 0.066747935906052588 0.0072952477039792867 0.089198397478709612 -0.0039378049004010311
leaf_weight=4220 668 39637 166 11562 271 194 5828 1079 189 41 618 120 33 172 32 241 30 39 101 35 5088 35 186 58 80 53 30 158 36 259
leaf_count=4220 668 39637 166 11562 271 194 5828 1079 189 41 618 120 33 172 32 241 30 39 101 35 5088 35 186 58 80 53 30 158 36 259
internal_value=5.26253e-14 -0.00368288 0.00843339 0.00691499 0.00155425 0.000750112 0.00747272 0.0173228 0.0181649 0.0230425 0.0217519 0.0104559 0.0259561 0.0321021 0.0456991 0.0266284 0.0345572 0.0751917 0.0170888 0.00588707 0.000199062 0.00934722 0.0233328 0.0189118 0.0128905 0.0217728 0.0110599 0.0202235 0.0489934 0.00731743
internal_weight=71259 49599 21660 18500 9962 9502 17832 3160 460 1724 1683 1436 357 324 204 1258 687 69 571 330 9308 12004 442 407 349 269 216 229 71 425
internal_count=71259 49599 21660 18500 9962 9502 17832 3160 460 1724 1683 1436 357 324 204 1258 687 69 571 330 9308 12004 442 407 349 269 216 229 71 425
is_linear=0
shrinkage=0.03


Tree=60
num_leaves=31
num_cat=0
split_feature=4 3 7 7 8 8 12 10 8 5 12 10 3 2 6 5 6 10 2 4 0 12 12 3 6 7 6 2 4 3
split_gain=2320.89 346.628 186.255 186.157 113.308 112.49 123.306 96.7692 115.303 94.2177 76.2426 88.6983 74.0389 99.4234 75.732 73.962 76.957 79.0843 88.1049 131.995 118.992 89.992 74.133 73.7771 72.4591 68.1299 67.8056 67.5957 63.9242 111.081
threshold=29.166666666666668 1.5000000000000002 5.8500000000000023 0.3000000000000001 1.0000000180025095e-35 1.0000000180025095e-35 4.5000000000000009 1.8333333333333337 1.0000000180025095e-35 63.100000000000009 3.5000000000000004 1.4166666666666667 15.500000000000002 6.7811508394516018 9.3166666666666682 22.225000000000005 4.6166666666666689 3.416666666666667 5.8981470417516997 77.500000000000014 4.8333333333333348 1.0000000180025095e-35 2.5000000000000004 1.0000000180025095e-35 8.516666666666671 12.890000000000002 5.4666666666666677 5.8981470417516997 87.833333333333357 10.500000000000002
decision_type=10 10 10 8 2 2 2 8 2 10 2 10 10 10 10 10 10 8 10 10 10 2 2 10 10 10 10 10 10 10
left_child=3 4 7 -1 -2 6 12 8 10 -6 11 -3 13 -4 24 22 -17 18 20 -20 21 -18 -9 -5 -15 28 -22 -12 -7 -30
right_child=1 2 5 23 9 25 -8 15 -10 -11 27 -13 -14 14 -16 16 17 -19 19 -21 26 -23 -24 -25 -26 -27 -28 -29 29 -31
leaf_value=-0.0051169902254832927 -0.00013700741543319519 -0.0019591667231122585 0.0070148249392520201 -0.0025100650369686232 0.0024126097952281269 0.027952742832166391 0.058053015093414151 0.014825972941379701 0.010048669048320332 0.01012156154251595 0.009127476530413162 0.0096867567254650972 -0.029574854059943131 0.031064464891595502 0.014046346337714215 0.0091366317550586867 -0.0038854298179170914 0.056361255681294263 0.094076432038564237 0.017185238731197185 0.023194665943086144 0.027144117067165088 0.056969967230008196 0.0029265614601463193 0.084730100420213506 0.066838595117292093 -0.017542647763872318 0.049580212046320619 0.019467655740270057 -0.01954735177594262
leaf_weight=35658 5252 2447 1195 5721 3101 735 49 89 4147 2643 795 775 42 84 171 2980 105 49 32 54 50 423 65 3699 31 31 139 39 584 74
leaf_count=35658 5252 2447 1195 5721 3101 735 49 89 4147 2643 795 775 42 84 171 2980 105 49 32 54 50 423 65 3699 31 31 139 39 584 74
internal_value=-2.76499e-11 0.00710425 0.0100417 -0.0041261 0.00304777 0.0167433 0.0112107 0.00839446 0.00653114 0.00595975 0.0029347 0.000842072 0.00970358 0.0108175 0.0267062 0.0122291 0.0114099 0.0193609 0.017103 0.0457959 0.0136615 0.0209735 0.032614 -0.000375237 0.0455309 0.022851 -0.00676558 0.0110192 0.0218721 0.0150799
internal_weight=71259 26181 15185 45078 10996 2996 1572 12189 8203 5744 4056 3222 1523 1481 286 3986 3832 852 803 86 717 528 154 9420 115 1424 189 834 1393 658
internal_count=71259 26181 15185 45078 10996 2996 1572 12189 8203 5744 4056 3222 1523 1481 286 3986 3832 852 803 86 717 528 154 9420 115 1424 189 834 1393 658
is_linear=0
shrinkage=0.03


Tree=61
num_leaves=31
num_cat=0
split_feature=6 13 8 7 6 4 7 4 9 9 9 6 11 11 9 4 12 6 7 9 6 11 4 6 2 6 0 12 2 6
split_gain=2187.21 336.784 235.239 183.015 129.29 126.91 109.056 119.915 83.9852 82.4621 82.4167 81.6605 88.3254 94.6263 74.0676 71.9059 90.6002 114.934 87.7402 86.5557 70.9683 69.2078 106.577 68.1908 67.6168 67.4287 67.1729 66.7533 66.6481 90.6311
threshold=1.666666666666667 1.0000000180025095e-35 1.0000000180025095e-35 4.6300000000000017 3.9000000000000008 89.833333333333357 11.230000000000002 84.833333333333357 3.166666666666667 1.4166666666666667 1.8333333333333337 7.4833333333333352 0.41190087145969506 0.76203346203346223 1.4166666666666667 39.166666666666679 3.5000000000000004 1.8666666666666669 2.0900000000000003 1.8333333333333337 3.9666666666666681 1.5334677419354843 30.833333333333339 7.3166666666666682 1.567094092627791 2.4666666666666681 1.5833333333333337 4.5000000000000009 1.1104000097045887 3.6666666666666674
decision_type=10 2 2 10 10 10 10 10 10 10 10 10 10 10 10 10 2 10 10 8 10 10 10 10 8 10 10 2 10 10
left_child=1 5 4 15 8 14 -5 -8 27 -7 11 23 -13 -14 -1 -4 17 18 -17 26 -12 -16 -23 -6 -21 -18 28 -2 -19 -30
right_child=2 -3 3 6 10 9 7 -9 -10 -11 20 12 13 -15 21 16 25 19 -20 24 -22 22 -24 -25 -26 -27 -28 -29 29 -31
leaf_value=0.0029255887785986294 0.0021309081798029398 -0.0047125999204927728 0.0020098994137481689 0.01633953107701766 0.0094858151364597045 0.024617377815487902 0.093835779673912947 0.025162625676819258 -0.016130196223334656 0.0015506641197466304 0.038142414625867135 0.065964088775217533 -0.019989974665370856 0.021013563334870672 -0.0049517377536567528 0.017253525468137333 -0.0064931906508344751 0.010787379336039765 0.047460581623799812 -0.0064295209210951275 0.0014002702239235888 0.011939753537281548 -0.0064364715500528288 -0.02400661181126322 0.008167548171300951 0.0076221414355503525 0.010956606329404301 0.020198944029275721 0.023221261131614445 0.062108851997625253
leaf_weight=5366 5859 39637 1225 2861 2377 339 34 70 221 237 49 36 55 641 2870 255 444 319 131 365 1374 638 512 56 1313 970 2377 190 375 63
leaf_count=5366 5859 39637 1225 2861 2377 339 34 70 221 237 49 36 55 641 2870 255 444 319 131 365 1374 638 512 56 1313 970 2377 190 375 63
internal_value=4.37066e-11 -0.00347328 0.00795343 0.0110879 0.00483508 0.00145775 0.0174365 0.0476135 0.00203477 0.0151264 0.00866201 0.0113581 0.0201434 0.0177733 0.000618934 0.00868606 0.00992295 0.0117545 0.0275051 0.0104911 0.00266546 -0.00246005 0.00375834 0.00871492 0.00499238 0.00318989 0.0134352 0.00269843 0.021218 0.0288147
internal_weight=71259 49599 21660 10802 10858 9962 2965 104 6270 576 4588 3165 732 696 9386 7837 6612 5198 386 4812 1423 4020 1150 2433 1678 1414 3134 6049 757 438
internal_count=71259 49599 21660 10802 10858 9962 2965 104 6270 576 4588 3165 732 696 9386 7837 6612 5198 386 4812 1423 4020 1150 2433 1678 1414 3134 6049 757 438
is_linear=0
shrinkage=0.03


Tree=62
num_leaves=31
num_cat=0
split_feature=13 14 14 14 9 11 6 9 11 14 14 1 8 12 14 11 6 10 8 3 11 12 14 11 6 2 8 9 11 2
split_gain=2063.15 494.457 213.793 204.648 162.067 148.688 141.829 112.978 111.892 107.925 101.547 133.761 102.213 175.198 111.071 96.9698 96.4992 86.3267 82.0071 79.1733 74.8059 116.533 74.5319 71.2254 68.3259 68.0229 68.0152 81.8722 127.756 78.6343
threshold=1.0000000180025095e-35 50.500000000000007 108.50000000000001 40.500000000000007 1.8333333333333337 2.0266405689696394 1.0666666666666675 2.5000000000000004 1.1514928698752229 59.500000000000007 64.500000000000014 7.6750000000000007 1.0000000180025095e-35 1.5000000000000002 86.500000000000014 4.6267857142857149 7.8333333333333348 2.5000000000000004 1.0000000180025095e-35 1.5000000000000002 2.7223124098124107 1.5000000000000002 92.500000000000014 4.0244680851063839 3.5333333333333345 0.011294809428441101 1.0000000180025095e-35 1.8333333333333337 3.9642743221690595 5.8981470417516997
decision_type=2 2 2 2 10 10 10 8 8 2 2 10 2 2 2 10 10 10 2 10 10 2 2 10 8 10 2 10 10 10
left_child=1 3 4 24 10 8 -5 20 -4 25 11 15 13 -12 -15 -3 -17 -9 -7 -6 -8 26 -16 -11 -1 -2 29 -28 -29 -22
right_child=9 2 5 6 19 18 7 17 -10 23 12 -13 -14 14 22 16 -18 -19 -20 -21 21 -23 -24 -25 -26 -27 27 28 -30 -31
leaf_value=-0.0048867908880158295 -0.0056334299943315413 0.0090405034698738621 0.03612802384361144 -0.00078062817543234043 -0.0012282030424473889 0.0073081686451029375 0.0053361373313728141 -0.0032958364276095887 0.11609935165615752 0.0012103903715479584 -0.00057421289289738716 0.059671059583826937 0.024177434053937238 0.017910196115659114 0.085540567223842318 0.021412113899149612 0.079092807263135917 0.029636524549312888 0.042528105405699304 0.0081496466232635657 0.013965872798350909 0.0024977133920509012 0.024771593831041279 0.028807876144366508 -0.021452774491829585 -0.0030312062260268529 0.030361560165908463 -0.0089007188782828754 0.057632849866693668 -0.019828563086364579
leaf_weight=1022 25146 5220 31 4491 1256 119 8726 1598 32 1932 561 49 1148 564 39 201 30 75 119 2283 608 783 34 88 287 14116 477 122 33 69
leaf_count=1022 25146 5220 31 4491 1256 119 8726 1598 32 1932 561 49 1148 564 39 201 30 75 119 2283 608 783 34 88 287 14116 477 122 33 69
internal_value=8.99999e-12 0.00599036 0.0108107 0.00291068 0.0101509 0.0357663 0.0037917 0.00543562 0.0767484 -0.00434991 0.0125548 0.0103258 0.0177806 0.0116507 0.0224171 0.00988223 0.0289031 -0.00181949 0.0249181 0.00482142 0.00655762 0.0116526 0.0572372 0.00241266 -0.0085189 -0.00469784 0.0171288 0.0242064 0.00526449 0.0105215
internal_weight=71259 29977 11686 18291 11385 301 16982 12491 63 41282 7846 5500 2346 1198 637 5451 231 1673 238 3539 10818 2092 73 2020 1309 39262 1309 632 155 677
internal_count=71259 29977 11686 18291 11385 301 16982 12491 63 41282 7846 5500 2346 1198 637 5451 231 1673 238 3539 10818 2092 73 2020 1309 39262 1309 632 155 677
is_linear=0
shrinkage=0.03


Tree=63
num_leaves=31
num_cat=0
split_feature=4 14 14 14 4 9 8 14 4 12 9 11 10 10 9 5 14 11 11 8 5 2 2 9 2 5 3 8 14 11
split_gain=1952.79 389.519 192.895 186.511 168.975 160.15 120.35 109.849 109.346 104.364 188.301 180.92 153.247 105.24 92.1128 88.2925 85.3039 99.6032 226.781 165.577 120.239 177.062 97.9467 85.1465 107.028 82.8209 115.297 87.8471 103.993 82.7025
threshold=29.166666666666668 50.500000000000007 45.500000000000007 40.500000000000007 79.833333333333357 inf 1.0000000180025095e-35 122.50000000000001 7.166666666666667 1.5000000000000002 1.8333333333333337 2.2501461988304099 1.1666666666666667 0.83333333333333337 3.166666666666667 69.450000000000017 75.500000000000014 2.3341139734582361 1.7502380952380954 1.0000000180025095e-35 89.450000000000017 5.5239036364528928 4.4372869971023325 1.1666666666666667 1.4685755856677454 19.900000000000002 2.5000000000000004 1.0000000180025095e-35 101.50000000000001 2.5024336024336029
decision_type=10 2 2 2 10 8 2 2 10 2 10 10 10 10 10 10 2 10 10 2 10 10 10 8 10 10 10 2 2 10
left_child=2 3 -1 -2 7 8 14 25 -4 10 11 -8 15 -11 -5 -13 23 18 20 -19 21 -18 -20 24 -6 26 -3 -27 -29 -17
right_child=1 4 5 6 16 -7 9 -9 -10 13 -12 12 -14 -15 -16 29 17 19 22 -21 -22 -23 -24 -25 -26 27 -28 28 -30 -31
leaf_value=-0.0052182110682770294 -0.0078695263939843781 0.0082485982364103663 -0.0030607732676092327 0.0024574683008413457 0.070545277247826263 0.019612088200259718 0.0097258064659669213 0.05203714921474456 0.0026778751436937654 -0.0053531293424716334 0.00095312565123304512 0.010242555696178567 0.017298723298240625 0.0065025003295008949 -0.014626939238845118 0.092360384785211996 0.01135158847287758 -0.0012876402959227562 0.04202243450371658 0.033344022612718321 -0.010355843392865997 0.075944906969865153 0.10886763864375175 0.0099474766967835235 0.018107303196881884 0.003072529877051716 0.061589219793677326 0.011094646925025204 -0.043289055424975229 0.044842322618031588
leaf_weight=29395 1188 93 11290 7023 36 329 1239 50 4064 835 1015 55 459 3492 296 39 97 249 34 248 70 63 47 2234 1301 2857 60 2856 32 213
leaf_count=29395 1188 93 11290 7023 36 329 1239 50 4064 835 1015 55 459 3492 296 39 97 249 34 248 70 63 47 2234 1301 2857 60 2856 32 213
internal_value=3.62329e-12 0.00651656 -0.00378478 0.00356325 0.0110505 -0.00109806 0.00448934 0.00775784 -0.00154183 0.00720178 0.0114817 0.0168116 0.0282727 0.00421467 0.00176653 0.0446802 0.0155229 0.0243254 0.0376407 0.0159934 0.0224379 0.0367852 0.0808092 0.0135312 0.0195192 0.00738246 0.0291665 0.00680231 0.0104921 0.0521963
internal_weight=71259 26181 45078 15854 10327 15683 14666 5948 15354 7347 3020 2005 766 4327 7319 307 4379 808 311 497 230 160 81 3571 1337 5898 153 5745 2888 252
internal_count=71259 26181 45078 15854 10327 15683 14666 5948 15354 7347 3020 2005 766 4327 7319 307 4379 808 311 497 230 160 81 3571 1337 5898 153 5745 2888 252
is_linear=0
shrinkage=0.03


Tree=64
num_leaves=31
num_cat=0
split_feature=6 13 14 5 14 5 14 9 14 9 5 4 5 12 14 7 6 0 14 0 2 0 5 7 3 3 4 14 9 12
split_gain=1839.65 279.219 265.578 148.356 129.582 132.111 118.562 116.801 101.1 90.8965 88.2599 168.631 159.984 121.02 85.1096 81.8528 81.5751 153.201 79.476 127.939 121.289 122.958 166.778 118.367 79.1049 83.4973 100.656 80.3822 78.8766 77.3194
threshold=1.666666666666667 1.0000000180025095e-35 53.500000000000007 79.100000000000009 72.500000000000014 89.90000000000002 40.500000000000007 1.4166666666666667 118.50000000000001 3.166666666666667 86.63333333333334 79.833333333333357 80.225000000000009 1.5000000000000002 45.500000000000007 7.4600000000000009 8.4166666666666696 7.166666666666667 56.500000000000007 4.5833333333333348 5.088837135982776 5.8333333333333348 83.450000000000017 7.160000000000001 9.5000000000000018 2.5000000000000004 86.416666666666671 75.500000000000014 2.8333333333333335 1.5000000000000002
decision_type=10 2 2 10 2 10 2 10 2 8 10 10 10 2 2 10 10 10 2 10 10 10 10 10 10 10 10 2 10 2
left_child=1 4 6 8 5 14 -2 -7 -4 -8 11 -5 -13 16 -1 -10 -14 -18 19 -15 23 -22 -23 -20 25 28 -27 -28 -12 -6
right_child=2 -3 3 10 29 7 9 -9 15 -11 24 12 13 18 -16 -17 17 -19 20 -21 21 22 -24 -25 -26 26 27 -29 -30 -31
leaf_value=-0.0031032255177713833 -0.007600700801736319 -0.0043138294955184049 0.0079891211652182992 0.002846303643346025 0.011983208099372859 0.029140845588683337 0.005884089665615458 -0.0015852376315668817 0.067419771304790016 -0.0068036703864235498 0.011529552563030752 0.082045656314492219 0.0066486316378196247 0.040064499503932892 0.0026592489725172992 0.010484244159676812 0.082637389924842861 0.0010681875881760618 0.044644182171258665 -0.0180042747204315 0.11066267254203559 -0.0024039675466514922 0.076742197928183223 -0.013267107288042704 -0.004758185340118978 0.067914333577666963 0.013426585929372754 0.036969563803784758 -0.0225687356360934 0.051958305889909913
leaf_weight=4220 668 39637 5109 271 128 271 12345 189 47 530 815 50 290 96 5088 44 40 43 108 53 40 37 68 45 204 42 468 181 66 66
leaf_count=4220 668 39637 5109 271 128 271 12345 189 47 530 815 50 290 96 5088 44 40 43 108 53 40 37 68 45 204 42 468 181 66 66
internal_value=-2.88685e-11 -0.00318539 0.00729418 0.0115851 0.00130449 0.000822298 0.00472243 0.0165164 0.0085474 0.0053618 0.0170002 0.0235107 0.0299475 0.0267708 4.66961e-05 0.0398905 0.0141542 0.0403786 0.0372988 0.0194092 0.0462436 0.0659037 0.0488526 0.0276114 0.0128175 0.0150983 0.0229053 0.0199925 0.00897508 0.025583
internal_weight=71259 49599 21660 8117 9962 9768 13543 460 5200 12875 2917 1141 870 820 9308 91 373 83 447 149 298 145 105 153 1776 1572 691 649 881 194
internal_count=71259 49599 21660 8117 9962 9768 13543 460 5200 12875 2917 1141 870 820 9308 91 373 83 447 149 298 145 105 153 1776 1572 691 649 881 194
is_linear=0
shrinkage=0.03


Tree=65
num_leaves=31
num_cat=0
split_feature=13 14 14 14 9 11 5 5 5 14 8 12 9 11 7 12 9 14 1 7 9 2 1 3 3 11 2 12 11 7
split_gain=1734.53 415.542 185.275 175.384 149.225 137.261 250.409 132.313 115.382 96.4715 89.7553 127.012 158.753 129.13 89.3986 148.494 82.8942 80.4077 118.129 107.363 77.7005 73.3615 129.325 70.6738 68.6776 65.8936 66.7425 79.3686 65.4799 73.6778
threshold=1.0000000180025095e-35 50.500000000000007 108.50000000000001 40.500000000000007 1.8333333333333337 2.0266405689696394 86.63333333333334 27.450000000000003 81.90000000000002 59.500000000000007 1.0000000180025095e-35 1.5000000000000002 1.8333333333333337 2.2501461988304099 11.230000000000002 2.5000000000000004 3.166666666666667 62.500000000000007 6.9000000000000012 7.910000000000001 0.83333333333333337 7.7255471869905437 5.5500000000000007 1.5000000000000002 2.5000000000000004 3.7418827746152235 5.3740829993469843 2.5000000000000004 4.0244680851063839 4.3900000000000015
decision_type=2 2 2 2 10 10 10 10 10 2 2 2 10 10 10 2 10 2 10 10 10 10 10 10 10 10 10 2 10 10
left_child=1 3 4 -1 8 6 -4 -5 17 -2 16 12 13 -12 -10 -16 -9 18 19 -3 -13 22 24 -6 -7 26 -22 -28 -11 -30
right_child=9 2 5 7 23 21 -8 10 14 28 11 20 -14 -15 15 -17 -18 -19 -20 -21 25 -23 -24 -25 -26 -27 27 -29 29 -31
leaf_value=-0.0079115180699558495 -0.004317412474818861 0.0057714153531385985 0.1313875015731901 -0.00085960927542688768 -0.0015323136658274277 0.03414260143583471 0.011751726346631203 0.0032383526689821114 0.016520178564927934 0.0012524634326543508 0.01103607776034134 -0.0052763978305300765 0.0023720219062217458 0.027660397668763086 0.00823856611143459 0.099676685323638298 -0.014709847496950002 0.014251317787465143 0.066094961345195768 0.053452537841228547 0.0059847717302598802 -0.0062911025712550691 0.058213333575562992 0.007327877152226981 -0.018009802560381434 -0.017135302606126609 -0.0091710989049502787 0.044506443898905727 0.0037827826995402575 0.059201196745822297
leaf_weight=1309 39262 3666 32 4600 1256 44 31 5933 2039 1932 1009 665 890 721 33 31 241 2004 30 43 2697 59 88 2283 47 106 35 85 50 38
leaf_count=1309 39262 3666 32 4600 1256 44 31 5933 2039 1932 1009 665 890 721 33 31 241 2004 30 43 2697 59 88 2283 47 106 35 85 50 38
internal_value=5.7104e-11 0.0054926 0.00991156 0.00266936 0.00929736 0.0331432 0.0725191 0.00348495 0.0116041 -0.00398846 0.00509898 0.00764618 0.0126678 0.0179645 0.017616 0.0525289 0.00253775 0.00940257 0.00680378 0.0063242 0.00397933 0.0227202 0.0322826 0.00418337 0.00720674 0.00608507 0.00695882 0.0288505 0.00240522 0.0277135
internal_weight=71259 29977 11686 18291 11385 301 63 16982 7846 41282 12382 6208 2620 1730 2103 64 6174 5743 3739 3709 3588 238 179 3539 91 2923 2817 120 2020 88
internal_count=71259 29977 11686 18291 11385 301 63 16982 7846 41282 12382 6208 2620 1730 2103 64 6174 5743 3739 3709 3588 238 179 3539 91 2923 2817 120 2020 88
is_linear=0
shrinkage=0.03


Tree=66
num_leaves=31
num_cat=0
split_feature=4 14 14 14 9 4 8 14 4 12 9 2 10 6 2 10 14 9 8 6 6 12 7 7 14 4 7 6 6 6
split_gain=1644.75 325.458 168.866 158.592 145.362 142.164 107.876 95.3039 92.0937 91.6101 167.336 103.117 170.785 146.824 121.218 98.8182 87.7311 79.2647 77.3151 74.8599 90.1929 124.302 96.6153 73.6926 73.1405 278.356 146.819 113.681 76.3543 77.0638
threshold=29.166666666666668 50.500000000000007 45.500000000000007 40.500000000000007 inf 79.833333333333357 1.0000000180025095e-35 124.50000000000001 7.166666666666667 1.5000000000000002 1.8333333333333337 2.3670700422872062 1.1666666666666667 3.4000000000000017 3.3796907073566711 0.83333333333333337 48.500000000000007 3.166666666666667 1.0000000180025095e-35 4.4333333333333353 5.116666666666668 2.5000000000000004 5.9100000000000019 2.245000000000001 84.500000000000014 83.416666666666671 7.5900000000000007 7.1333333333333355 10.033333333333337 12.616666666666669
decision_type=10 2 2 2 8 10 2 2 10 2 10 10 10 10 10 10 2 10 2 10 10 2 10 10 2 10 10 10 10 10
left_child=2 3 -1 -2 8 7 17 18 -4 10 11 16 13 14 -13 -11 -8 -5 -3 -7 21 22 -21 -16 -22 -26 27 -27 -28 -30
right_child=1 5 4 6 -6 19 9 -9 -10 15 -12 12 -14 -15 23 -17 -18 -19 -20 20 24 -23 -24 -25 25 26 28 -29 29 -31
leaf_value=-0.0048146380125655064 -0.00726144698838882 0.0033552368138593082 -0.0027764031501281107 0.0021980481670474017 0.01877117409169855 0.0086263603778939883 0.014974146072400069 0.055102468375620002 0.0024901099630994039 -0.0053669717225335355 0.00078765584842939603 0.037487445564093912 0.012773753813094204 0.016058219819068908 0.054188765039046606 0.0061212474737217647 -0.0035073494812954335 -0.013650145969615942 0.010217364108744314 0.035358598820345345 0.012795802300329284 0.0072763578693071998 0.088460576434930174 0.11206504406195811 0.099890532693160422 0.015627583188670024 -0.012472487183717582 0.089661657840013509 0.03697206191492803 -0.0054719042955409915
leaf_weight=29395 1188 2940 11290 7023 329 1441 909 37 4064 835 1015 110 471 125 36 3492 310 296 2971 215 2169 135 36 44 42 35 104 40 99 63
leaf_count=29395 1188 2940 11290 7023 329 1441 909 37 4064 835 1015 110 471 125 36 3492 310 296 2971 215 2169 135 36 44 42 35 104 40 99 63
internal_value=-8.05067e-12 0.00598053 -0.00347345 0.00328097 -0.000959642 0.0101249 0.00413495 0.00710474 -0.00138243 0.00670296 0.0107128 0.0157373 0.0242099 0.0413097 0.0579225 0.00390432 0.0102742 0.0015571 0.00680429 0.0142272 0.0169742 0.0304896 0.0429748 0.0860207 0.01493 0.0270162 0.0180405 0.0551124 0.00758784 0.0204661
internal_weight=71259 26181 45078 15854 15683 10327 14666 5948 15354 7347 3020 2005 786 315 190 4327 1219 7319 5911 4379 2938 386 251 80 2552 383 341 75 266 162
internal_count=71259 26181 45078 15854 15683 10327 14666 5948 15354 7347 3020 2005 786 315 190 4327 1219 7319 5911 4379 2938 386 251 80 2552 383 341 75 266 162
is_linear=0
shrinkage=0.03


Tree=67
num_leaves=31
num_cat=0
split_feature=4 14 5 4 14 9 9 7 10 9 2 4 2 11 5 11 2 6 7 7 6 6 0 14 14 7 7 7 7 14
split_gain=1547.54 308.276 196.862 190.57 160.013 124.905 115.877 120.014 111.508 112.307 109.136 101.865 131.744 171.194 123.757 98.3213 90.1819 89.6448 95.3488 90.3643 82.1537 122.913 86.5427 81.3438 79.0726 81.8787 71.8102 71.5564 70.7069 70.4447
threshold=29.166666666666668 62.500000000000007 21.900000000000002 74.833333333333357 49.500000000000007 inf 1.4166666666666667 3.8600000000000008 0.83333333333333337 1.1666666666666667 5.5239036364528928 82.416666666666671 7.1842763477730314 2.3341139734582361 88.90000000000002 0.39126905702992665 1.8256211821050805 7.200000000000002 10.690000000000001 6.3225000000000007 4.9000000000000012 5.6333333333333355 3.166666666666667 50.500000000000007 40.500000000000007 8.0500000000000025 0.34000000000000002 5.5675000000000017 10.363333333333335 83.500000000000014
decision_type=10 2 10 10 2 8 8 10 10 8 10 10 10 10 10 10 10 10 10 10 10 10 10 2 2 10 10 10 10 2
left_child=4 3 -3 24 -1 -6 7 15 9 -5 17 -12 13 -13 -14 -4 27 19 -19 -8 -21 -22 -23 -10 -2 26 -26 -9 -25 -18
right_child=1 2 6 8 5 -7 10 16 23 -11 11 12 14 -15 -16 -17 29 18 -20 20 21 22 -24 28 25 -27 -28 -29 -30 -31
leaf_value=-0.0043066995379300449 -0.0075737931250268115 0.06491376974873922 0.046485092265873537 0.012452518345631363 -0.00059756905836671548 0.01820803899377426 0.003053911885794566 0.073711739480495447 0.0069364663498070068 -0.0025809835669419255 0.0012265625402906398 0.10231292287970697 0.034470491454005235 0.029278819247741592 -0.028873837421769681 0.0020857476919071277 0.016254414688491908 -0.016947765066170736 0.037746694050729272 -0.010573577625410897 0.089988825138538106 0.054946879026564685 0.00063002114184200757 0.012777961991065187 0.018297864918332591 0.043665592495438665 0.0017943742587975804 0.016127702074666177 0.059112925964873282 0.031558785261741523
leaf_weight=35353 776 66 49 606 9396 329 866 52 6268 1707 149 43 70 88 46 535 1091 277 32 42 31 44 66 2474 243 43 10096 31 30 360
leaf_count=35353 776 66 49 606 9396 329 866 52 6268 1707 149 43 70 88 46 535 1091 277 32 42 31 44 66 2474 243 43 10096 31 30 360
internal_value=-8.22047e-12 0.00580112 0.0135378 0.00443137 -0.00336925 3.86309e-05 0.0126621 0.017385 0.00721735 0.00135775 0.00695915 0.0208169 0.0326345 0.0532518 0.00935119 0.00581104 0.0217912 0.00291816 -0.0112836 0.00710152 0.0262558 0.0372262 0.0223568 0.00876241 0.00166363 0.00235407 0.00218226 0.0522044 0.0133331 0.0200515
internal_weight=71259 26181 3938 22243 45078 9725 3872 2118 11085 2313 1754 396 247 131 116 584 1534 1358 309 1049 183 141 110 8772 11158 10382 10339 83 2504 1451
internal_count=71259 26181 3938 22243 45078 9725 3872 2118 11085 2313 1754 396 247 131 116 584 1534 1358 309 1049 183 141 110 8772 11158 10382 10339 83 2504 1451
is_linear=0
shrinkage=0.03


Tree=68
num_leaves=31
num_cat=0
split_feature=13 14 14 14 9 11 5 11 5 14 7 6 10 14 1 7 6 1 3 6 3 9 6 11 10 11 10 2 7 9
split_gain=1468.08 350.175 161.461 152.79 136.757 128.756 230.838 117.46 97.7357 83.8134 81.6562 73.0523 92.2492 70.0145 108.56 98.1436 68.9374 82.2541 72.0868 87.6438 71.4568 65.1298 64.929 62.6295 117.772 117.285 94.2933 86.572 83.2391 87.8668
threshold=1.0000000180025095e-35 50.500000000000007 108.50000000000001 40.500000000000007 1.8333333333333337 2.0266405689696394 86.63333333333334 1.949589457776238 81.90000000000002 59.500000000000007 11.230000000000002 1.0666666666666675 0.83333333333333337 62.500000000000007 6.9000000000000012 7.910000000000001 13.683333333333335 5.291666666666667 8.5000000000000018 10.033333333333337 2.5000000000000004 2.8333333333333335 3.5333333333333345 1.6871667585953303 1.8333333333333337 1.3256478405315617 1.1666666666666667 4.1898903062055437 6.1900000000000022 1.1666666666666667
decision_type=2 2 2 2 10 10 10 10 10 2 10 10 10 2 10 10 10 10 10 10 10 10 8 10 10 10 8 10 10 10
left_child=1 3 4 22 8 6 -4 11 13 -2 23 -5 -13 14 15 -3 17 20 19 -19 -7 -9 -1 24 27 -26 -25 28 29 -10
right_child=9 2 5 7 -6 16 -8 21 10 -11 -12 12 -14 -15 -16 -17 -18 18 -20 -21 -22 -23 -24 26 25 -27 -28 -29 -30 -31
leaf_value=-0.0038737258024173493 -0.003975966021469551 0.0053051040493239197 0.12545449362136424 -0.0018692730881426564 0.0036406273202565093 0.033095195900116649 0.010588972270488739 0.0077935651322172872 0.03538264433542887 0.0022901201787356306 0.049644545763731 -0.0033409680434407186 0.0048479281248576872 0.013242932582109564 0.063132358431816096 0.050893070556136753 -0.021811875704675913 0.034637133584303016 0.0088327910711890768 0.09859925251814626 -0.021027664741825151 -0.0045711955812322092 -0.020022664491982825 0.021984639687114844 0.027654083975887096 0.076529925657530959 0.0059378706083574439 -0.005841245069567646 0.048142514882317508 -0.009658317150876802
leaf_weight=1022 39262 3666 32 3844 3539 42 31 5035 72 2020 64 1551 6137 2004 30 43 30 51 38 31 46 415 287 518 176 59 906 140 83 85
leaf_count=1022 39262 3666 32 3844 3539 42 31 5035 72 2020 64 1551 6137 2004 30 43 30 51 38 31 46 415 287 518 176 59 906 140 83 85
internal_value=1.23177e-11 0.00505315 0.00910969 0.00246146 0.00853631 0.030797 0.0689334 0.0032227 0.0107446 -0.00366936 0.0162777 0.00150749 0.00319588 0.00871839 0.00629336 0.00583362 0.020702 0.0268339 0.0429893 0.0588179 0.0048037 0.00685203 -0.0074144 0.0152304 0.0232309 0.039925 0.0117751 0.012907 0.0238434 0.0109974
internal_weight=71259 29977 11686 18291 11385 301 63 16982 7846 41282 2103 11532 7688 5743 3739 3709 238 208 120 82 88 5450 1309 2039 615 235 1424 380 240 157
internal_count=71259 29977 11686 18291 11385 301 63 16982 7846 41282 2103 11532 7688 5743 3739 3709 238 208 120 82 88 5450 1309 2039 615 235 1424 380 240 157
is_linear=0
shrinkage=0.03


Tree=69
num_leaves=31
num_cat=0
split_feature=13 14 14 4 4 9 12 9 4 14 9 8 11 14 9 9 5 3 3 5 5 11 1 14 11 2 9 4 11 2
split_gain=1381.32 329.48 153.159 145.765 123.602 84.4306 81.9094 89.3583 89.1279 80.4508 80.9195 74.9626 151.661 119.324 102.64 162.003 102.702 92.5731 120.704 83.6857 195.977 147.451 129.698 74.07 76.6106 77.8941 71.7034 69.6968 77.6466 68.2191
threshold=1.0000000180025095e-35 50.500000000000007 74.500000000000014 81.833333333333357 83.416666666666671 0.83333333333333337 1.0000000180025095e-35 1.5833333333333337 6.166666666666667 46.500000000000007 inf 1.0000000180025095e-35 1.8573593073593073 114.50000000000001 0.41666666666666669 1.1666666666666667 84.100000000000009 8.5000000000000018 2.5000000000000004 78.63333333333334 85.225000000000009 2.9113101859208652 2.1000000000000005 40.500000000000007 1.517622701254415 5.088837135982776 2.8333333333333335 57.833333333333336 0.53343495934959362 2.3670700422872062
decision_type=2 2 2 10 10 8 2 10 10 2 8 2 10 2 10 10 10 10 10 10 10 10 10 2 10 10 10 10 10 10
left_child=1 3 4 5 6 -1 7 -3 -8 -2 27 12 13 14 -4 -16 -17 18 29 22 -21 -22 -20 -7 -25 -26 -5 -11 -29 -13
right_child=9 2 11 26 -6 23 8 -9 -10 10 -12 17 -14 -15 15 16 -18 -19 19 20 21 -23 -24 24 25 -27 -28 28 -30 -31
leaf_value=0.005421082924300609 -0.0044393135793108296 0.0047333217635598997 -0.019432949051260945 0.0067683047793160632 0.012536534669988839 -0.0097748066258851341 -0.0082932777673391748 -0.0096669659533351968 0.0080155004061972842 -0.0020868419289913993 0.039517862581929492 0.031596079717966769 0.0010350792182752457 0.082630412895833297 0.067367937122072494 0.0039718635520845091 0.061416789030327518 0.0012892587364426462 0.081548021491616968 0.12782309013605117 -0.01035650684553034 0.066544748849489466 0.013633056290694012 -0.0021796505002219251 0.0029946104865814266 0.031516442201845872 -0.0047135663626019682 0.050213514361076232 0.0063240608707779925 0.0079298379888822299
leaf_weight=2335 28637 1047 48 6264 2948 786 321 616 4987 12246 43 189 547 31 70 159 34 145 32 30 34 66 121 5569 2717 89 531 41 315 261
leaf_count=2335 28637 1047 48 6264 2948 786 321 616 4987 12246 43 189 547 31 70 159 34 145 32 30 34 66 121 5569 2717 89 531 41 315 261
internal_value=-1.42819e-11 0.00490156 0.0088364 0.00238761 0.00738681 0.000328643 0.00520902 -0.00060076 0.00702923 -0.00355927 -0.00156626 0.0169736 0.0108328 0.0265035 0.0209089 0.0282717 0.0140917 0.0231913 0.0275239 0.0428751 0.0605733 0.0403983 0.0278375 -0.000969343 -0.000142944 0.00389926 0.00587105 -0.00170645 0.0113787 0.0178697
internal_weight=71259 29977 11686 18291 9919 11496 6971 1663 5308 41282 12645 1767 889 342 311 263 193 878 733 283 130 100 153 9161 8375 2806 6795 12602 356 450
internal_count=71259 29977 11686 18291 9919 11496 6971 1663 5308 41282 12645 1767 889 342 311 263 193 878 733 283 130 100 153 9161 8375 2806 6795 12602 356 450
is_linear=0
shrinkage=0.03


Tree=70
num_leaves=31
num_cat=0
split_feature=6 13 14 9 10 12 0 9 14 5 9 14 2 2 4 7 7 4 7 4 2 14 14 2 6 14 5 10 5 14
split_gain=1306.41 194.054 192.859 108.331 122.296 107.84 137.18 105.724 104.564 110.109 107.198 91.6686 89.6649 124.595 106.441 88.0934 185.784 114.262 97.0841 87.478 87.0913 85.4956 82.0421 79.8278 132.736 117.352 101.919 98.0152 78.7875 110.032
threshold=1.666666666666667 1.0000000180025095e-35 65.500000000000014 1.4166666666666667 3.166666666666667 1.5000000000000002 9.1666666666666696 2.8333333333333335 72.500000000000014 89.90000000000002 1.4166666666666667 40.500000000000007 5.5239036364528928 7.7255471869905437 82.416666666666671 3.8600000000000008 7.910000000000001 89.833333333333357 2.5675000000000008 82.833333333333357 4.1898903062055437 101.50000000000001 113.50000000000001 5.5239036364528928 8.516666666666671 93.500000000000014 83.90000000000002 1.1666666666666667 87.300000000000026 75.500000000000014
decision_type=10 2 2 10 8 2 10 8 2 10 10 2 10 10 10 10 10 10 10 10 10 2 2 10 10 2 10 10 10 2
left_child=1 8 7 4 5 15 23 11 9 -1 -11 -2 21 14 -14 18 17 -17 -4 -13 -18 -5 -15 24 25 -7 -26 -25 -16 -30
right_child=2 -3 3 12 -6 6 -8 -9 -10 10 -12 19 13 22 28 16 20 -19 -20 -21 -22 -23 -24 27 26 -27 -28 -29 29 -31
leaf_value=-8.2518056547929599e-05 -0.0057332703820997619 -0.0036250560462375105 0.019863709285855291 0.0047008816308642589 0.069258579873457182 0.017216473038766666 0.072565561312437063 -0.0027999374130355387 0.022867993362171133 0.02704766901292429 -0.0023883134449854317 0.0040503430354843278 0.0074710107661049921 -0.024312232077121732 0.070484138735583124 0.019499404222414189 -0.046388379951439247 0.060147767961025243 -0.020638108047822148 0.0084430058280059866 0.002187925173129354 -0.031314389238832521 0.032450567050413652 0.04287228328841073 0.032021232823530831 0.072551951553370492 0.099743901317318279 -0.0099433820923150052 -0.018310969412326815 0.054640921682727585
leaf_weight=9308 615 39637 82 1016 41 509 50 1450 194 271 189 8902 99 75 71 308 41 78 152 7533 175 63 33 42 45 37 36 128 30 49
leaf_count=9308 615 39637 82 1016 41 509 50 1450 194 271 189 8902 99 75 71 308 41 78 152 7533 175 63 33 42 45 37 36 128 30 49
internal_value=4.20051e-11 -0.00268432 0.00614679 0.0129962 0.0180657 0.0168186 0.0243631 0.00497683 0.00105871 0.000625558 0.0149533 0.0056382 0.00691004 0.0199427 0.0316148 0.00917481 0.0152464 0.0277133 -0.00644516 0.00606372 -0.00703258 0.00259804 -0.00696804 0.0213391 0.0262828 0.0209663 0.0621202 0.00310519 0.0475497 0.0269377
internal_weight=71259 49599 21660 3160 1724 1683 847 18500 9962 9768 460 17050 1436 357 249 836 602 386 234 16435 216 1079 108 797 627 546 81 170 150 79
internal_count=71259 49599 21660 3160 1724 1683 847 18500 9962 9768 460 17050 1436 357 249 836 602 386 234 16435 216 1079 108 797 627 546 81 170 150 79
is_linear=0
shrinkage=0.03


Tree=71
num_leaves=31
num_cat=0
split_feature=4 14 5 14 11 4 14 11 11 3 14 4 3 9 14 11 11 6 7 11 6 3 9 9 10 6 10 11 14 1
split_gain=1232.18 263.217 162.636 123.177 119.37 139.465 118.086 149.926 197.898 98.5673 114.614 98.3946 93.4614 91.8695 89.9603 181.194 152.543 103.902 115.72 151.915 91.2864 86.8851 84.3894 106.129 79.8263 87.9755 133.456 95.483 91.4925 87.4328
threshold=26.166666666666668 45.500000000000007 81.450000000000017 59.500000000000007 3.6675724637681166 4.416666666666667 116.50000000000001 2.8754391100702579 5.5820676274944576 16.500000000000004 75.500000000000014 81.166666666666671 -1.4999999999999998 1.5833333333333337 79.500000000000014 0.91977629258331028 2.3341139734582361 4.7166666666666694 7.7800000000000011 3.0849914630943003 10.033333333333337 6.5000000000000009 1.0000000180025095e-35 1.1666666666666667 1.4166666666666667 4.8166666666666691 3.416666666666667 0.28581691297208545 79.500000000000014 0.36666666666666675
decision_type=10 2 10 2 8 10 2 10 10 10 2 10 10 8 2 10 10 10 10 10 10 10 10 10 8 10 8 10 2 10
left_child=3 13 6 -1 -5 -6 12 -8 -9 10 22 -12 -3 -2 16 -16 -13 -17 19 -19 21 -20 -4 -24 29 28 27 -27 -26 -14
right_child=1 2 9 4 5 -7 7 8 -10 -11 11 14 24 -15 15 17 -18 18 20 -21 -22 -23 23 -25 25 26 -28 -29 -30 -31
leaf_value=-0.0034463298406749829 0.0036927330883759239 -0.039748893172613209 -0.014053595818224407 0.0015739904639089494 0.011751282564459406 0.071118553484532415 0.089685532597994264 -0.040698137934155325 0.056662737854889463 -0.034459914096764153 0.074327936707572512 0.094282441570570599 0.037341204424890188 -0.0024039378028357494 -0.048086130119658808 -0.031936544035711591 0.017708933248383098 0.09236838475820866 0.014056975736536763 0.017948641553521157 0.029858034253622101 -0.037973045131494833 0.016624019102816842 0.0074949499289608396 0.0048642231177608774 0.050167600838788622 0.067395648941761102 0.010851402730910792 0.035428548462688919 0.002365111493477685
leaf_weight=42002 4793 42 126 2174 147 47 33 34 42 42 33 38 65 4151 37 31 61 47 88 52 181 43 1799 3158 4277 58 41 1340 90 6187
leaf_count=42002 4793 42 126 2174 147 47 33 34 42 42 33 38 65 4151 37 31 61 47 88 52 181 43 1799 3158 4277 58 41 1340 90 6187
internal_value=1.71242e-11 0.00506753 0.00716302 -0.00307101 0.00358609 0.0261341 0.00520543 0.036291 0.0131066 0.0113297 0.0116675 0.0239439 0.0049254 0.000863207 0.0210673 0.0156866 0.0471008 0.0210251 0.0250198 0.0532792 0.0160528 -0.00302158 0.0101918 0.0108081 0.00508101 0.00761396 0.0140471 0.0124825 0.00549413 0.00272875
internal_weight=71259 26889 17945 44370 2368 194 12209 109 76 5736 5694 611 12100 8944 578 479 99 442 411 99 312 131 5083 4957 12058 5806 1439 1398 4367 6252
internal_count=71259 26889 17945 44370 2368 194 12209 109 76 5736 5694 611 12100 8944 578 479 99 442 411 99 312 131 5083 4957 12058 5806 1439 1398 4367 6252
is_linear=0
shrinkage=0.03


end of trees

feature_importances:
value=460
minutes_3gw=246
shrunk_points_vs_opp=172
opp_goals_for_3m=158
minutes_5gw=145
ict_3gw=138
form_ewma=137
ict_5gw=131
opp_goals_against_3m=126
is_home=110
points_last_gw=104
n_prior_meetings_vs_opp=75
form_5gw=62
was_unused_last_gw=54
form_3gw=42

parameters:
[boosting: gbdt]
[objective: regression]
[metric: l1,l2]
[tree_learner: serial]
[device_type: cpu]
[data_sample_strategy: bagging]
[data: ]
[valid: ]
[num_iterations: 500]
[learning_rate: 0.03]
[num_leaves: 31]
[num_threads: 1]
[seed: 42]
[deterministic: 0]
[force_col_wise: 0]
[force_row_wise: 0]
[histogram_pool_size: -1]
[max_depth: -1]
[min_data_in_leaf: 30]
[min_sum_hessian_in_leaf: 0.001]
[bagging_fraction: 0.8]
[pos_bagging_fraction: 1]
[neg_bagging_fraction: 1]
[bagging_freq: 0]
[bagging_seed: 400]
[bagging_by_query: 0]
[feature_fraction: 0.8]
[feature_fraction_bynode: 1]
[feature_fraction_seed: 30056]
[extra_trees: 0]
[extra_seed: 12879]
[early_stopping_round: 0]
[early_stopping_min_delta: 0]
[first_metric_only: 0]
[max_delta_step: 0]
[lambda_l1: 0]
[lambda_l2: 0]
[linear_lambda: 0]
[min_gain_to_split: 0]
[drop_rate: 0.1]
[max_drop: 50]
[skip_drop: 0.5]
[xgboost_dart_mode: 0]
[uniform_drop: 0]
[drop_seed: 17869]
[top_rate: 0.2]
[other_rate: 0.1]
[min_data_per_group: 100]
[max_cat_threshold: 32]
[cat_l2: 10]
[cat_smooth: 10]
[max_cat_to_onehot: 4]
[top_k: 20]
[monotone_constraints: ]
[monotone_constraints_method: basic]
[monotone_penalty: 0]
[feature_contri: ]
[forcedsplits_filename: ]
[refit_decay_rate: 0.9]
[cegb_tradeoff: 1]
[cegb_penalty_split: 0]
[cegb_penalty_feature_lazy: ]
[cegb_penalty_feature_coupled: ]
[path_smooth: 0]
[interaction_constraints: ]
[verbosity: -1]
[saved_feature_importance_type: 0]
[use_quantized_grad: 0]
[num_grad_quant_bins: 4]
[quant_train_renew_leaf: 0]
[stochastic_rounding: 1]
[linear_tree: 0]
[max_bin: 255]
[max_bin_by_feature: ]
[min_data_in_bin: 3]
[bin_construct_sample_cnt: 200000]
[data_random_seed: 175]
[is_enable_sparse: 1]
[enable_bundle: 1]
[use_missing: 1]
[zero_as_missing: 0]
[feature_pre_filter: 1]
[pre_partition: 0]
[two_round: 0]
[header: 0]
[label_column: ]
[weight_column: ]
[group_column: ]
[ignore_column: ]
[categorical_feature: ]
[forcedbins_filename: ]
[precise_float_parser: 0]
[parser_config_file: ]
[objective_seed: 16083]
[num_class: 1]
[is_unbalance: 0]
[scale_pos_weight: 1]
[sigmoid: 1]
[boost_from_average: 1]
[reg_sqrt: 0]
[alpha: 0.9]
[fair_c: 1]
[poisson_max_delta_step: 0.7]
[tweedie_variance_power: 1.5]
[lambdarank_truncation_level: 30]
[lambdarank_norm: 1]
[label_gain: ]
[lambdarank_position_bias_regularization: 0]
[eval_at: ]
[multi_error_top_k: 1]
[auc_mu_weights: ]
[num_machines: 1]
[local_listen_port: 12400]
[time_out: 120]
[machine_list_filename: ]
[machines: ]
[gpu_platform_id: -1]
[gpu_device_id: -1]
[gpu_device_id_list: ]
[gpu_use_dp: 0]
[num_gpu: 1]

end of parameters

pandas_categorical:[]
